[2025-10-10 01:23:28] === Starting Firehose Health Check ===
[2025-10-10 01:23:28] ✅ DEV firehose healthy (last seq: 14180906000)
[2025-10-10 01:23:28] ✅ STG firehose healthy (last seq: 14180824000)
[2025-10-10 01:23:28] ✅ All services healthy
[2025-10-10 01:24:07] === Starting Firehose Health Check ===
[2025-10-10 01:24:07] ✅ DEV firehose healthy (last seq: 14180952000)
[2025-10-10 01:24:07] ✅ STG firehose healthy (last seq: 14180870000)
[2025-10-10 01:24:07] ✅ All services healthy
[2025-10-10 01:29:14] === Starting Firehose Health Check ===
[2025-10-10 01:29:14] ✅ DEV firehose healthy (last seq: 14181318000)
[2025-10-10 01:29:14] ✅ STG firehose healthy (last seq: 14181236000)
[2025-10-10 01:29:14] ✅ All services healthy
[2025-10-10 01:34:14] === Starting Firehose Health Check ===
[2025-10-10 01:34:14] ✅ DEV firehose healthy (last seq: 14181660000)
[2025-10-10 01:34:14] ✅ STG firehose healthy (last seq: 14181575000)
[2025-10-10 01:34:14] ✅ All services healthy
[2025-10-10 01:35:50] === Starting Firehose Health Check ===
[2025-10-10 01:35:50] ✅ DEV firehose healthy (last seq: 14181755000)
[2025-10-10 01:35:51] ✅ STG firehose healthy (last seq: 14181669000)
[2025-10-10 01:35:51] ⚠️  WARNING: STG health endpoint (port 8080) not responding
[2025-10-10 01:35:51] ❌ One or more services have issues
[2025-10-10 01:37:53] === Starting Firehose Health Check ===
[2025-10-10 01:37:53] ✅ DEV firehose healthy (last seq: 14181894000)
[2025-10-10 01:37:53] ✅ STG firehose healthy (last seq: 14181805000)
[2025-10-10 01:37:53] ✅ All services healthy
[2025-10-10 01:42:53] === Starting Firehose Health Check ===
[2025-10-10 01:42:53] ✅ DEV firehose healthy (last seq: 14182258000)
[2025-10-10 01:42:53] ✅ STG firehose healthy (last seq: 14182169000)
[2025-10-10 01:42:53] ✅ All services healthy
[2025-10-10 01:47:53] === Starting Firehose Health Check ===
[2025-10-10 01:47:53] ✅ DEV firehose healthy (last seq: 14182617000)
[2025-10-10 01:47:53] ✅ STG firehose healthy (last seq: 14182527000)
[2025-10-10 01:47:53] ✅ All services healthy
[2025-10-10 01:52:53] === Starting Firehose Health Check ===
[2025-10-10 01:52:53] ✅ DEV firehose healthy (last seq: 14182970000)
[2025-10-10 01:52:53] ✅ STG firehose healthy (last seq: 14182880000)
[2025-10-10 01:52:53] ✅ All services healthy
[2025-10-10 01:57:53] === Starting Firehose Health Check ===
[2025-10-10 01:57:53] ✅ DEV firehose healthy (last seq: 14183315000)
[2025-10-10 01:57:53] ✅ STG firehose healthy (last seq: 14183224000)
[2025-10-10 01:57:53] ✅ All services healthy
[2025-10-10 02:02:53] === Starting Firehose Health Check ===
[2025-10-10 02:02:53] ✅ DEV firehose healthy (last seq: 14183653000)
[2025-10-10 02:02:53] ✅ STG firehose healthy (last seq: 14183562000)
[2025-10-10 02:02:53] ✅ All services healthy
[2025-10-10 02:07:53] === Starting Firehose Health Check ===
[2025-10-10 02:07:53] ✅ DEV firehose healthy (last seq: 14184007000)
[2025-10-10 02:07:53] ✅ STG firehose healthy (last seq: 14183915000)
[2025-10-10 02:07:53] ✅ All services healthy
[2025-10-10 02:12:53] === Starting Firehose Health Check ===
[2025-10-10 02:12:53] ✅ DEV firehose healthy (last seq: 14184360000)
[2025-10-10 02:12:53] ✅ STG firehose healthy (last seq: 14184268000)
[2025-10-10 02:12:53] ✅ All services healthy
[2025-10-10 02:17:53] === Starting Firehose Health Check ===
[2025-10-10 02:17:53] ✅ DEV firehose healthy (last seq: 14184704000)
[2025-10-10 02:17:58] ✅ STG firehose healthy (last seq: 14184588000)
[2025-10-10 02:17:58] ✅ All services healthy
[2025-10-10 02:22:53] === Starting Firehose Health Check ===
[2025-10-10 02:22:53] ✅ DEV firehose healthy (last seq: 14185050000)
[2025-10-10 02:22:57] ✅ STG firehose healthy (last seq: 14184927000)
[2025-10-10 02:22:57] ✅ All services healthy
[2025-10-10 02:27:53] === Starting Firehose Health Check ===
[2025-10-10 02:27:53] ✅ DEV firehose healthy (last seq: 14185395000)
[2025-10-10 02:27:57] ✅ STG firehose healthy (last seq: 14185266000)
[2025-10-10 02:27:57] ✅ All services healthy
[2025-10-10 02:32:53] === Starting Firehose Health Check ===
[2025-10-10 02:32:53] ✅ DEV firehose healthy (last seq: 14185744000)
[2025-10-10 02:32:57] ✅ STG firehose healthy (last seq: 14185611000)
[2025-10-10 02:32:57] ✅ All services healthy
[2025-10-10 02:37:53] === Starting Firehose Health Check ===
[2025-10-10 02:37:53] ✅ DEV firehose healthy (last seq: 14186093000)
[2025-10-10 02:37:59] ✅ STG firehose healthy (last seq: 14185954000)
[2025-10-10 02:37:59] ✅ All services healthy
[2025-10-10 02:42:53] === Starting Firehose Health Check ===
[2025-10-10 02:42:53] ✅ DEV firehose healthy (last seq: 14186445000)
[2025-10-10 02:42:57] ✅ STG firehose healthy (last seq: 14186305000)
[2025-10-10 02:42:57] ✅ All services healthy
[2025-10-10 02:47:53] === Starting Firehose Health Check ===
[2025-10-10 02:47:53] ✅ DEV firehose healthy (last seq: 14186797000)
[2025-10-10 02:47:57] ✅ STG firehose healthy (last seq: 14186653000)
[2025-10-10 02:47:57] ✅ All services healthy
[2025-10-10 02:52:53] === Starting Firehose Health Check ===
[2025-10-10 02:52:53] ✅ DEV firehose healthy (last seq: 14187147000)
[2025-10-10 02:52:59] ✅ STG firehose healthy (last seq: 14186999000)
[2025-10-10 02:52:59] ✅ All services healthy
[2025-10-10 02:57:53] === Starting Firehose Health Check ===
[2025-10-10 02:57:53] ✅ DEV firehose healthy (last seq: 14187486000)
[2025-10-10 02:57:58] ✅ STG firehose healthy (last seq: 14187332000)
[2025-10-10 02:57:58] ✅ All services healthy
[2025-10-10 03:02:53] === Starting Firehose Health Check ===
[2025-10-10 03:02:53] ✅ DEV firehose healthy (last seq: 14187824000)
[2025-10-10 03:03:00] ✅ STG firehose healthy (last seq: 14187666000)
[2025-10-10 03:03:00] ✅ All services healthy
[2025-10-10 03:07:53] === Starting Firehose Health Check ===
[2025-10-10 03:07:53] ✅ DEV firehose healthy (last seq: 14188171000)
[2025-10-10 03:07:57] ✅ STG firehose healthy (last seq: 14188008000)
[2025-10-10 03:07:57] ✅ All services healthy
[2025-10-10 03:12:53] === Starting Firehose Health Check ===
[2025-10-10 03:12:53] ✅ DEV firehose healthy (last seq: 14188510000)
[2025-10-10 03:12:58] ✅ STG firehose healthy (last seq: 14188359000)
[2025-10-10 03:12:58] ✅ All services healthy
[2025-10-10 03:17:53] === Starting Firehose Health Check ===
[2025-10-10 03:17:54] ✅ DEV firehose healthy (last seq: 14188826000)
[2025-10-10 03:17:57] ✅ STG firehose healthy (last seq: 14188700000)
[2025-10-10 03:17:57] ✅ All services healthy
[2025-10-10 03:22:54] === Starting Firehose Health Check ===
[2025-10-10 03:22:54] ✅ DEV firehose healthy (last seq: 14188924000)
[2025-10-10 03:22:57] ✅ STG firehose healthy (last seq: 14188925000)
[2025-10-10 03:22:57] ✅ All services healthy
[2025-10-10 03:27:54] === Starting Firehose Health Check ===
[2025-10-10 03:27:54] ✅ DEV firehose healthy (last seq: 14189021000)
[2025-10-10 03:27:57] ✅ STG firehose healthy (last seq: 14189023000)
[2025-10-10 03:27:57] ✅ All services healthy
[2025-10-10 03:32:54] === Starting Firehose Health Check ===
[2025-10-10 03:32:54] ✅ DEV firehose healthy (last seq: 14189119000)
[2025-10-10 03:32:57] ✅ STG firehose healthy (last seq: 14189120000)
[2025-10-10 03:32:57] ✅ All services healthy
[2025-10-10 03:37:54] === Starting Firehose Health Check ===
[2025-10-10 03:37:54] ✅ DEV firehose healthy (last seq: 14189214000)
[2025-10-10 03:37:58] ✅ STG firehose healthy (last seq: 14189216000)
[2025-10-10 03:37:58] ✅ All services healthy
[2025-10-10 03:42:54] === Starting Firehose Health Check ===
[2025-10-10 03:42:54] ✅ DEV firehose healthy (last seq: 14189308000)
[2025-10-10 03:42:57] ✅ STG firehose healthy (last seq: 14189309000)
[2025-10-10 03:42:57] ✅ All services healthy
[2025-10-10 03:47:54] === Starting Firehose Health Check ===
[2025-10-10 03:47:54] ✅ DEV firehose healthy (last seq: 14189401000)
[2025-10-10 03:47:58] ✅ STG firehose healthy (last seq: 14189402000)
[2025-10-10 03:47:58] ✅ All services healthy
[2025-10-10 03:52:54] === Starting Firehose Health Check ===
[2025-10-10 03:52:54] ✅ DEV firehose healthy (last seq: 14189491000)
[2025-10-10 03:52:57] ✅ STG firehose healthy (last seq: 14189492000)
[2025-10-10 03:52:57] ✅ All services healthy
[2025-10-10 03:57:54] === Starting Firehose Health Check ===
[2025-10-10 03:57:54] ✅ DEV firehose healthy (last seq: 14189581000)
[2025-10-10 03:57:57] ✅ STG firehose healthy (last seq: 14189582000)
[2025-10-10 03:57:57] ✅ All services healthy
[2025-10-10 04:02:54] === Starting Firehose Health Check ===
[2025-10-10 04:02:54] ✅ DEV firehose healthy (last seq: 14189670000)
[2025-10-10 04:02:57] ✅ STG firehose healthy (last seq: 14189671000)
[2025-10-10 04:02:57] ✅ All services healthy
[2025-10-10 04:07:54] === Starting Firehose Health Check ===
[2025-10-10 04:07:54] ✅ DEV firehose healthy (last seq: 14189759000)
[2025-10-10 04:08:00] ✅ STG firehose healthy (last seq: 14189761000)
[2025-10-10 04:08:00] ✅ All services healthy
[2025-10-10 04:12:54] === Starting Firehose Health Check ===
[2025-10-10 04:12:54] ✅ DEV firehose healthy (last seq: 14189845000)
[2025-10-10 04:12:57] ✅ STG firehose healthy (last seq: 14189846000)
[2025-10-10 04:12:57] ✅ All services healthy
[2025-10-10 04:17:54] === Starting Firehose Health Check ===
[2025-10-10 04:17:54] ✅ DEV firehose healthy (last seq: 14189931000)
[2025-10-10 04:18:00] ✅ STG firehose healthy (last seq: 14189932000)
[2025-10-10 04:18:00] ✅ All services healthy
[2025-10-10 04:22:54] === Starting Firehose Health Check ===
[2025-10-10 04:22:54] ✅ DEV firehose healthy (last seq: 14190016000)
[2025-10-10 04:22:57] ✅ STG firehose healthy (last seq: 14190017000)
[2025-10-10 04:22:57] ✅ All services healthy
[2025-10-10 04:27:54] === Starting Firehose Health Check ===
[2025-10-10 04:27:54] ✅ DEV firehose healthy (last seq: 14190100000)
[2025-10-10 04:27:58] ✅ STG firehose healthy (last seq: 14190101000)
[2025-10-10 04:27:58] ✅ All services healthy
[2025-10-10 04:32:54] === Starting Firehose Health Check ===
[2025-10-10 04:32:54] ✅ DEV firehose healthy (last seq: 14190186000)
[2025-10-10 04:32:57] ✅ STG firehose healthy (last seq: 14190187000)
[2025-10-10 04:32:57] ✅ All services healthy
[2025-10-10 04:37:54] === Starting Firehose Health Check ===
[2025-10-10 04:37:54] ✅ DEV firehose healthy (last seq: 14190269000)
[2025-10-10 04:37:57] ✅ STG firehose healthy (last seq: 14190270000)
[2025-10-10 04:37:57] ✅ All services healthy
[2025-10-10 04:42:54] === Starting Firehose Health Check ===
[2025-10-10 04:42:54] ✅ DEV firehose healthy (last seq: 14190350000)
[2025-10-10 04:42:58] ✅ STG firehose healthy (last seq: 14190351000)
[2025-10-10 04:42:58] ✅ All services healthy
[2025-10-10 04:47:54] === Starting Firehose Health Check ===
[2025-10-10 04:47:54] ✅ DEV firehose healthy (last seq: 14190431000)
[2025-10-10 04:47:57] ✅ STG firehose healthy (last seq: 14190431000)
[2025-10-10 04:47:57] ✅ All services healthy
[2025-10-10 04:52:54] === Starting Firehose Health Check ===
[2025-10-10 04:52:54] ✅ DEV firehose healthy (last seq: 14190511000)
[2025-10-10 04:52:57] ✅ STG firehose healthy (last seq: 14190512000)
[2025-10-10 04:52:57] ✅ All services healthy
[2025-10-10 04:57:54] === Starting Firehose Health Check ===
[2025-10-10 04:57:54] ✅ DEV firehose healthy (last seq: 14190590000)
[2025-10-10 04:57:57] ✅ STG firehose healthy (last seq: 14190591000)
[2025-10-10 04:57:57] ✅ All services healthy
[2025-10-10 05:02:54] === Starting Firehose Health Check ===
[2025-10-10 05:02:54] ✅ DEV firehose healthy (last seq: 14190669000)
[2025-10-10 05:02:57] ✅ STG firehose healthy (last seq: 14190670000)
[2025-10-10 05:02:57] ✅ All services healthy
[2025-10-10 05:07:54] === Starting Firehose Health Check ===
[2025-10-10 05:07:54] ✅ DEV firehose healthy (last seq: 14190747000)
[2025-10-10 05:07:57] ✅ STG firehose healthy (last seq: 14190748000)
[2025-10-10 05:07:57] ✅ All services healthy
[2025-10-10 05:12:54] === Starting Firehose Health Check ===
[2025-10-10 05:12:54] ✅ DEV firehose healthy (last seq: 14190825000)
[2025-10-10 05:12:57] ✅ STG firehose healthy (last seq: 14190826000)
[2025-10-10 05:12:57] ✅ All services healthy
[2025-10-10 05:17:54] === Starting Firehose Health Check ===
[2025-10-10 05:17:54] ✅ DEV firehose healthy (last seq: 14190904000)
[2025-10-10 05:17:57] ✅ STG firehose healthy (last seq: 14190905000)
[2025-10-10 05:17:57] ✅ All services healthy
[2025-10-10 05:22:54] === Starting Firehose Health Check ===
[2025-10-10 05:22:54] ✅ DEV firehose healthy (last seq: 14190981000)
[2025-10-10 05:22:58] ✅ STG firehose healthy (last seq: 14190982000)
[2025-10-10 05:22:58] ✅ All services healthy
[2025-10-10 05:27:54] === Starting Firehose Health Check ===
[2025-10-10 05:27:54] ✅ DEV firehose healthy (last seq: 14191057000)
[2025-10-10 05:27:57] ✅ STG firehose healthy (last seq: 14191058000)
[2025-10-10 05:27:57] ✅ All services healthy
[2025-10-10 05:32:54] === Starting Firehose Health Check ===
[2025-10-10 05:32:54] ✅ DEV firehose healthy (last seq: 14191135000)
[2025-10-10 05:32:57] ✅ STG firehose healthy (last seq: 14191136000)
[2025-10-10 05:32:57] ✅ All services healthy
[2025-10-10 05:37:54] === Starting Firehose Health Check ===
[2025-10-10 05:37:54] ✅ DEV firehose healthy (last seq: 14191212000)
[2025-10-10 05:37:57] ✅ STG firehose healthy (last seq: 14191213000)
[2025-10-10 05:37:57] ✅ All services healthy
[2025-10-10 05:42:54] === Starting Firehose Health Check ===
[2025-10-10 05:42:54] ✅ DEV firehose healthy (last seq: 14191290000)
[2025-10-10 05:42:57] ✅ STG firehose healthy (last seq: 14191291000)
[2025-10-10 05:42:57] ✅ All services healthy
[2025-10-10 05:47:54] === Starting Firehose Health Check ===
[2025-10-10 05:47:54] ✅ DEV firehose healthy (last seq: 14191366000)
[2025-10-10 05:47:57] ✅ STG firehose healthy (last seq: 14191367000)
[2025-10-10 05:47:57] ✅ All services healthy
[2025-10-10 05:52:54] === Starting Firehose Health Check ===
[2025-10-10 05:52:54] ✅ DEV firehose healthy (last seq: 14191441000)
[2025-10-10 05:52:57] ✅ STG firehose healthy (last seq: 14191442000)
[2025-10-10 05:52:57] ✅ All services healthy
[2025-10-10 05:57:54] === Starting Firehose Health Check ===
[2025-10-10 05:57:55] ✅ DEV firehose healthy (last seq: 14191514000)
[2025-10-10 05:57:57] ✅ STG firehose healthy (last seq: 14191515000)
[2025-10-10 05:57:57] ✅ All services healthy
[2025-10-10 06:02:55] === Starting Firehose Health Check ===
[2025-10-10 06:02:55] ✅ DEV firehose healthy (last seq: 14191590000)
[2025-10-10 06:02:57] ✅ STG firehose healthy (last seq: 14191590000)
[2025-10-10 06:02:57] ✅ All services healthy
[2025-10-10 06:07:55] === Starting Firehose Health Check ===
[2025-10-10 06:07:55] ✅ DEV firehose healthy (last seq: 14191663000)
[2025-10-10 06:07:57] ✅ STG firehose healthy (last seq: 14191664000)
[2025-10-10 06:07:57] ✅ All services healthy
[2025-10-10 06:12:55] === Starting Firehose Health Check ===
[2025-10-10 06:12:55] ✅ DEV firehose healthy (last seq: 14191738000)
[2025-10-10 06:12:58] ✅ STG firehose healthy (last seq: 14191739000)
[2025-10-10 06:12:58] ✅ All services healthy
[2025-10-10 06:17:55] === Starting Firehose Health Check ===
[2025-10-10 06:17:55] ✅ DEV firehose healthy (last seq: 14191813000)
[2025-10-10 06:17:58] ✅ STG firehose healthy (last seq: 14191814000)
[2025-10-10 06:17:58] ✅ All services healthy
[2025-10-10 06:22:55] === Starting Firehose Health Check ===
[2025-10-10 06:22:55] ✅ DEV firehose healthy (last seq: 14191885000)
[2025-10-10 06:22:58] ✅ STG firehose healthy (last seq: 14191886000)
[2025-10-10 06:22:58] ✅ All services healthy
[2025-10-10 06:27:55] === Starting Firehose Health Check ===
[2025-10-10 06:27:55] ✅ DEV firehose healthy (last seq: 14191957000)
[2025-10-10 06:27:57] ✅ STG firehose healthy (last seq: 14191957000)
[2025-10-10 06:27:57] ✅ All services healthy
[2025-10-10 06:32:55] === Starting Firehose Health Check ===
[2025-10-10 06:32:55] ✅ DEV firehose healthy (last seq: 14192029000)
[2025-10-10 06:32:58] ✅ STG firehose healthy (last seq: 14192029000)
[2025-10-10 06:32:58] ✅ All services healthy
[2025-10-10 06:37:55] === Starting Firehose Health Check ===
[2025-10-10 06:37:55] ✅ DEV firehose healthy (last seq: 14192097000)
[2025-10-10 06:37:59] ✅ STG firehose healthy (last seq: 14192098000)
[2025-10-10 06:37:59] ✅ All services healthy
[2025-10-10 06:42:55] === Starting Firehose Health Check ===
[2025-10-10 06:42:55] ✅ DEV firehose healthy (last seq: 14192166000)
[2025-10-10 06:42:58] ✅ STG firehose healthy (last seq: 14192167000)
[2025-10-10 06:42:58] ✅ All services healthy
[2025-10-10 06:47:55] === Starting Firehose Health Check ===
[2025-10-10 06:47:55] ✅ DEV firehose healthy (last seq: 14192237000)
[2025-10-10 06:47:57] ✅ STG firehose healthy (last seq: 14192237000)
[2025-10-10 06:47:57] ✅ All services healthy
[2025-10-10 06:52:55] === Starting Firehose Health Check ===
[2025-10-10 06:52:55] ✅ DEV firehose healthy (last seq: 14192306000)
[2025-10-10 06:53:00] ✅ STG firehose healthy (last seq: 14192307000)
[2025-10-10 06:53:00] ✅ All services healthy
[2025-10-10 06:57:55] === Starting Firehose Health Check ===
[2025-10-10 06:57:55] ✅ DEV firehose healthy (last seq: 14192374000)
[2025-10-10 06:57:58] ✅ STG firehose healthy (last seq: 14192375000)
[2025-10-10 06:57:58] ✅ All services healthy
[2025-10-10 07:02:55] === Starting Firehose Health Check ===
[2025-10-10 07:02:55] ✅ DEV firehose healthy (last seq: 14192444000)
[2025-10-10 07:02:59] ✅ STG firehose healthy (last seq: 14192444000)
[2025-10-10 07:02:59] ✅ All services healthy
[2025-10-10 07:07:55] === Starting Firehose Health Check ===
[2025-10-10 07:07:55] ✅ DEV firehose healthy (last seq: 14192511000)
[2025-10-10 07:07:59] ✅ STG firehose healthy (last seq: 14192512000)
[2025-10-10 07:07:59] ✅ All services healthy
[2025-10-10 07:12:55] === Starting Firehose Health Check ===
[2025-10-10 07:12:55] ✅ DEV firehose healthy (last seq: 14192579000)
[2025-10-10 07:12:58] ✅ STG firehose healthy (last seq: 14192580000)
[2025-10-10 07:12:58] ✅ All services healthy
[2025-10-10 07:17:55] === Starting Firehose Health Check ===
[2025-10-10 07:17:55] ✅ DEV firehose healthy (last seq: 14192648000)
[2025-10-10 07:17:58] ✅ STG firehose healthy (last seq: 14192648000)
[2025-10-10 07:17:58] ✅ All services healthy
[2025-10-10 07:22:55] === Starting Firehose Health Check ===
[2025-10-10 07:22:55] ✅ DEV firehose healthy (last seq: 14192716000)
[2025-10-10 07:22:58] ✅ STG firehose healthy (last seq: 14192716000)
[2025-10-10 07:22:58] ✅ All services healthy
[2025-10-10 07:27:55] === Starting Firehose Health Check ===
[2025-10-10 07:27:55] ✅ DEV firehose healthy (last seq: 14192782000)
[2025-10-10 07:27:58] ✅ STG firehose healthy (last seq: 14192783000)
[2025-10-10 07:27:58] ✅ All services healthy
[2025-10-10 07:32:55] === Starting Firehose Health Check ===
[2025-10-10 07:32:55] ✅ DEV firehose healthy (last seq: 14192849000)
[2025-10-10 07:32:58] ✅ STG firehose healthy (last seq: 14192849000)
[2025-10-10 07:32:58] ✅ All services healthy
[2025-10-10 07:37:55] === Starting Firehose Health Check ===
[2025-10-10 07:37:55] ✅ DEV firehose healthy (last seq: 14192915000)
[2025-10-10 07:37:58] ✅ STG firehose healthy (last seq: 14192916000)
[2025-10-10 07:37:58] ✅ All services healthy
[2025-10-10 07:42:55] === Starting Firehose Health Check ===
[2025-10-10 07:42:55] ✅ DEV firehose healthy (last seq: 14192982000)
[2025-10-10 07:42:58] ✅ STG firehose healthy (last seq: 14192982000)
[2025-10-10 07:42:58] ✅ All services healthy
[2025-10-10 07:47:55] === Starting Firehose Health Check ===
[2025-10-10 07:47:55] ✅ DEV firehose healthy (last seq: 14193048000)
[2025-10-10 07:47:58] ✅ STG firehose healthy (last seq: 14193048000)
[2025-10-10 07:47:58] ✅ All services healthy
[2025-10-10 07:52:55] === Starting Firehose Health Check ===
[2025-10-10 07:52:55] ✅ DEV firehose healthy (last seq: 14193113000)
[2025-10-10 07:52:58] ✅ STG firehose healthy (last seq: 14193113000)
[2025-10-10 07:52:58] ✅ All services healthy
[2025-10-10 07:57:55] === Starting Firehose Health Check ===
[2025-10-10 07:57:55] ✅ DEV firehose healthy (last seq: 14193177000)
[2025-10-10 07:57:59] ✅ STG firehose healthy (last seq: 14193178000)
[2025-10-10 07:57:59] ✅ All services healthy
[2025-10-10 08:02:55] === Starting Firehose Health Check ===
[2025-10-10 08:02:55] ✅ DEV firehose healthy (last seq: 14193244000)
[2025-10-10 08:02:59] ✅ STG firehose healthy (last seq: 14193245000)
[2025-10-10 08:02:59] ✅ All services healthy
[2025-10-10 08:07:55] === Starting Firehose Health Check ===
[2025-10-10 08:07:55] ✅ DEV firehose healthy (last seq: 14193309000)
[2025-10-10 08:07:58] ✅ STG firehose healthy (last seq: 14193310000)
[2025-10-10 08:07:58] ✅ All services healthy
[2025-10-10 08:12:55] === Starting Firehose Health Check ===
[2025-10-10 08:12:55] ✅ DEV firehose healthy (last seq: 14193373000)
[2025-10-10 08:13:00] ✅ STG firehose healthy (last seq: 14193374000)
[2025-10-10 08:13:00] ✅ All services healthy
[2025-10-10 08:17:55] === Starting Firehose Health Check ===
[2025-10-10 08:17:55] ✅ DEV firehose healthy (last seq: 14193438000)
[2025-10-10 08:17:58] ✅ STG firehose healthy (last seq: 14193438000)
[2025-10-10 08:17:58] ✅ All services healthy
[2025-10-10 08:22:55] === Starting Firehose Health Check ===
[2025-10-10 08:22:55] ✅ DEV firehose healthy (last seq: 14193503000)
[2025-10-10 08:22:58] ✅ STG firehose healthy (last seq: 14193504000)
[2025-10-10 08:22:58] ✅ All services healthy
[2025-10-10 08:27:55] === Starting Firehose Health Check ===
[2025-10-10 08:27:55] ✅ DEV firehose healthy (last seq: 14193568000)
[2025-10-10 08:27:58] ✅ STG firehose healthy (last seq: 14193569000)
[2025-10-10 08:27:58] ✅ All services healthy
[2025-10-10 08:32:55] === Starting Firehose Health Check ===
[2025-10-10 08:32:55] ✅ DEV firehose healthy (last seq: 14193633000)
[2025-10-10 08:32:58] ✅ STG firehose healthy (last seq: 14193633000)
[2025-10-10 08:32:58] ✅ All services healthy
[2025-10-10 08:37:55] === Starting Firehose Health Check ===
[2025-10-10 08:37:56] ✅ DEV firehose healthy (last seq: 14193697000)
[2025-10-10 08:38:00] ✅ STG firehose healthy (last seq: 14193698000)
[2025-10-10 08:38:00] ✅ All services healthy
[2025-10-10 08:42:56] === Starting Firehose Health Check ===
[2025-10-10 08:42:56] ✅ DEV firehose healthy (last seq: 14193764000)
[2025-10-10 08:43:02] ✅ STG firehose healthy (last seq: 14193765000)
[2025-10-10 08:43:02] ✅ All services healthy
[2025-10-10 08:47:56] === Starting Firehose Health Check ===
[2025-10-10 08:47:56] ✅ DEV firehose healthy (last seq: 14193832000)
[2025-10-10 08:47:58] ✅ STG firehose healthy (last seq: 14193832000)
[2025-10-10 08:47:58] ✅ All services healthy
[2025-10-10 08:52:56] === Starting Firehose Health Check ===
[2025-10-10 08:52:56] ✅ DEV firehose healthy (last seq: 14193899000)
[2025-10-10 08:52:58] ✅ STG firehose healthy (last seq: 14193900000)
[2025-10-10 08:52:58] ✅ All services healthy
[2025-10-10 08:57:56] === Starting Firehose Health Check ===
[2025-10-10 08:57:56] ✅ DEV firehose healthy (last seq: 14193965000)
[2025-10-10 08:57:58] ✅ STG firehose healthy (last seq: 14193965000)
[2025-10-10 08:57:58] ✅ All services healthy
[2025-10-10 09:02:56] === Starting Firehose Health Check ===
[2025-10-10 09:02:56] ✅ DEV firehose healthy (last seq: 14194030000)
[2025-10-10 09:02:58] ✅ STG firehose healthy (last seq: 14194031000)
[2025-10-10 09:02:58] ✅ All services healthy
[2025-10-10 09:07:56] === Starting Firehose Health Check ===
[2025-10-10 09:07:56] ✅ DEV firehose healthy (last seq: 14194099000)
[2025-10-10 09:07:58] ✅ STG firehose healthy (last seq: 14194100000)
[2025-10-10 09:07:58] ✅ All services healthy
[2025-10-10 09:12:56] === Starting Firehose Health Check ===
[2025-10-10 09:12:56] ✅ DEV firehose healthy (last seq: 14194169000)
[2025-10-10 09:12:58] ✅ STG firehose healthy (last seq: 14194170000)
[2025-10-10 09:12:58] ✅ All services healthy
[2025-10-10 09:17:56] === Starting Firehose Health Check ===
[2025-10-10 09:17:56] ✅ DEV firehose healthy (last seq: 14194240000)
[2025-10-10 09:17:59] ✅ STG firehose healthy (last seq: 14194241000)
[2025-10-10 09:17:59] ✅ All services healthy
[2025-10-10 09:22:56] === Starting Firehose Health Check ===
[2025-10-10 09:22:56] ✅ DEV firehose healthy (last seq: 14194312000)
[2025-10-10 09:22:58] ✅ STG firehose healthy (last seq: 14194313000)
[2025-10-10 09:22:58] ✅ All services healthy
[2025-10-10 09:27:56] === Starting Firehose Health Check ===
[2025-10-10 09:27:56] ✅ DEV firehose healthy (last seq: 14194387000)
[2025-10-10 09:27:58] ✅ STG firehose healthy (last seq: 14194387000)
[2025-10-10 09:27:59] ✅ All services healthy
[2025-10-10 09:32:56] === Starting Firehose Health Check ===
[2025-10-10 09:32:56] ✅ DEV firehose healthy (last seq: 14194461000)
[2025-10-10 09:33:01] ✅ STG firehose healthy (last seq: 14194462000)
[2025-10-10 09:33:01] ✅ All services healthy
[2025-10-10 09:37:56] === Starting Firehose Health Check ===
[2025-10-10 09:37:56] ✅ DEV firehose healthy (last seq: 14194536000)
[2025-10-10 09:37:59] ✅ STG firehose healthy (last seq: 14194536000)
[2025-10-10 09:37:59] ✅ All services healthy
[2025-10-10 09:42:56] === Starting Firehose Health Check ===
[2025-10-10 09:42:56] ✅ DEV firehose healthy (last seq: 14194612000)
[2025-10-10 09:42:59] ✅ STG firehose healthy (last seq: 14194612000)
[2025-10-10 09:42:59] ✅ All services healthy
[2025-10-10 09:47:56] === Starting Firehose Health Check ===
[2025-10-10 09:47:56] ✅ DEV firehose healthy (last seq: 14194687000)
[2025-10-10 09:47:59] ✅ STG firehose healthy (last seq: 14194687000)
[2025-10-10 09:47:59] ✅ All services healthy
[2025-10-10 09:52:56] === Starting Firehose Health Check ===
[2025-10-10 09:52:56] ✅ DEV firehose healthy (last seq: 14194762000)
[2025-10-10 09:52:59] ✅ STG firehose healthy (last seq: 14194763000)
[2025-10-10 09:52:59] ✅ All services healthy
[2025-10-10 09:57:56] === Starting Firehose Health Check ===
[2025-10-10 09:57:56] ✅ DEV firehose healthy (last seq: 14194838000)
[2025-10-10 09:57:59] ✅ STG firehose healthy (last seq: 14194839000)
[2025-10-10 09:57:59] ✅ All services healthy
[2025-10-10 10:02:56] === Starting Firehose Health Check ===
[2025-10-10 10:02:56] ✅ DEV firehose healthy (last seq: 14194916000)
[2025-10-10 10:02:59] ✅ STG firehose healthy (last seq: 14194917000)
[2025-10-10 10:02:59] ✅ All services healthy
[2025-10-10 10:07:56] === Starting Firehose Health Check ===
[2025-10-10 10:07:56] ✅ DEV firehose healthy (last seq: 14194995000)
[2025-10-10 10:07:59] ✅ STG firehose healthy (last seq: 14194996000)
[2025-10-10 10:07:59] ✅ All services healthy
[2025-10-10 10:12:56] === Starting Firehose Health Check ===
[2025-10-10 10:12:56] ✅ DEV firehose healthy (last seq: 14195073000)
[2025-10-10 10:13:00] ✅ STG firehose healthy (last seq: 14195074000)
[2025-10-10 10:13:00] ✅ All services healthy
[2025-10-10 10:17:56] === Starting Firehose Health Check ===
[2025-10-10 10:17:56] ✅ DEV firehose healthy (last seq: 14195150000)
[2025-10-10 10:17:59] ✅ STG firehose healthy (last seq: 14195151000)
[2025-10-10 10:17:59] ✅ All services healthy
[2025-10-10 10:22:56] === Starting Firehose Health Check ===
[2025-10-10 10:22:56] ✅ DEV firehose healthy (last seq: 14195230000)
[2025-10-10 10:23:00] ✅ STG firehose healthy (last seq: 14195231000)
[2025-10-10 10:23:00] ✅ All services healthy
[2025-10-10 10:27:56] === Starting Firehose Health Check ===
[2025-10-10 10:27:56] ✅ DEV firehose healthy (last seq: 14195310000)
[2025-10-10 10:27:59] ✅ STG firehose healthy (last seq: 14195311000)
[2025-10-10 10:27:59] ✅ All services healthy
[2025-10-10 10:32:56] === Starting Firehose Health Check ===
[2025-10-10 10:32:56] ✅ DEV firehose healthy (last seq: 14195392000)
[2025-10-10 10:33:00] ✅ STG firehose healthy (last seq: 14195393000)
[2025-10-10 10:33:00] ✅ All services healthy
[2025-10-10 10:37:56] === Starting Firehose Health Check ===
[2025-10-10 10:37:56] ✅ DEV firehose healthy (last seq: 14195477000)
[2025-10-10 10:37:59] ✅ STG firehose healthy (last seq: 14195477000)
[2025-10-10 10:37:59] ✅ All services healthy
[2025-10-10 10:42:56] === Starting Firehose Health Check ===
[2025-10-10 10:42:56] ✅ DEV firehose healthy (last seq: 14195561000)
[2025-10-10 10:42:59] ✅ STG firehose healthy (last seq: 14195562000)
[2025-10-10 10:42:59] ✅ All services healthy
[2025-10-10 10:47:56] === Starting Firehose Health Check ===
[2025-10-10 10:47:56] ✅ DEV firehose healthy (last seq: 14195647000)
[2025-10-10 10:47:59] ✅ STG firehose healthy (last seq: 14195648000)
[2025-10-10 10:47:59] ✅ All services healthy
[2025-10-10 10:52:56] === Starting Firehose Health Check ===
[2025-10-10 10:52:56] ✅ DEV firehose healthy (last seq: 14195733000)
[2025-10-10 10:52:59] ✅ STG firehose healthy (last seq: 14195734000)
[2025-10-10 10:53:00] ✅ All services healthy
[2025-10-10 10:57:56] === Starting Firehose Health Check ===
[2025-10-10 10:57:56] ✅ DEV firehose healthy (last seq: 14195822000)
[2025-10-10 10:58:00] ✅ STG firehose healthy (last seq: 14195823000)
[2025-10-10 10:58:00] ✅ All services healthy
[2025-10-10 11:02:56] === Starting Firehose Health Check ===
[2025-10-10 11:02:56] ✅ DEV firehose healthy (last seq: 14195913000)
[2025-10-10 11:03:00] ✅ STG firehose healthy (last seq: 14195914000)
[2025-10-10 11:03:00] ✅ All services healthy
[2025-10-10 11:07:56] === Starting Firehose Health Check ===
[2025-10-10 11:07:57] ✅ DEV firehose healthy (last seq: 14196005000)
[2025-10-10 11:08:00] ✅ STG firehose healthy (last seq: 14196006000)
[2025-10-10 11:08:00] ✅ All services healthy
[2025-10-10 11:12:56] === Starting Firehose Health Check ===
[2025-10-10 11:12:57] ✅ DEV firehose healthy (last seq: 14196098000)
[2025-10-10 11:13:00] ✅ STG firehose healthy (last seq: 14196099000)
[2025-10-10 11:13:00] ✅ All services healthy
[2025-10-10 11:17:56] === Starting Firehose Health Check ===
[2025-10-10 11:17:57] ✅ DEV firehose healthy (last seq: 14196192000)
[2025-10-10 11:17:59] ✅ STG firehose healthy (last seq: 14196193000)
[2025-10-10 11:17:59] ✅ All services healthy
[2025-10-10 11:22:57] === Starting Firehose Health Check ===
[2025-10-10 11:22:57] ✅ DEV firehose healthy (last seq: 14196288000)
[2025-10-10 11:22:57] ✅ STG firehose healthy (last seq: 14196288000)
[2025-10-10 11:22:57] ✅ All services healthy
[2025-10-10 11:27:57] === Starting Firehose Health Check ===
[2025-10-10 11:27:57] ✅ DEV firehose healthy (last seq: 14196386000)
[2025-10-10 11:27:57] ✅ STG firehose healthy (last seq: 14196386000)
[2025-10-10 11:27:57] ✅ All services healthy
[2025-10-10 11:32:57] === Starting Firehose Health Check ===
[2025-10-10 11:32:57] ✅ DEV firehose healthy (last seq: 14196485000)
[2025-10-10 11:32:57] ✅ STG firehose healthy (last seq: 14196486000)
[2025-10-10 11:32:57] ✅ All services healthy
[2025-10-10 11:37:57] === Starting Firehose Health Check ===
[2025-10-10 11:37:57] ✅ DEV firehose healthy (last seq: 14196584000)
[2025-10-10 11:37:57] ✅ STG firehose healthy (last seq: 14196585000)
[2025-10-10 11:37:57] ✅ All services healthy
[2025-10-10 11:42:57] === Starting Firehose Health Check ===
[2025-10-10 11:42:57] ✅ DEV firehose healthy (last seq: 14196686000)
[2025-10-10 11:42:57] ✅ STG firehose healthy (last seq: 14196686000)
[2025-10-10 11:42:57] ✅ All services healthy
[2025-10-10 11:47:57] === Starting Firehose Health Check ===
[2025-10-10 11:47:57] ✅ DEV firehose healthy (last seq: 14196791000)
[2025-10-10 11:47:57] ✅ STG firehose healthy (last seq: 14196791000)
[2025-10-10 11:47:57] ✅ All services healthy
[2025-10-10 11:52:57] === Starting Firehose Health Check ===
[2025-10-10 11:52:57] ✅ DEV firehose healthy (last seq: 14196899000)
[2025-10-10 11:52:57] ✅ STG firehose healthy (last seq: 14196899000)
[2025-10-10 11:52:57] ✅ All services healthy
[2025-10-10 11:57:57] === Starting Firehose Health Check ===
[2025-10-10 11:57:57] ✅ DEV firehose healthy (last seq: 14197006000)
[2025-10-10 11:57:57] ✅ STG firehose healthy (last seq: 14197006000)
[2025-10-10 11:57:57] ✅ All services healthy
[2025-10-10 12:02:57] === Starting Firehose Health Check ===
[2025-10-10 12:02:57] ✅ DEV firehose healthy (last seq: 14197119000)
[2025-10-10 12:02:57] ✅ STG firehose healthy (last seq: 14197119000)
[2025-10-10 12:02:57] ✅ All services healthy
[2025-10-10 12:07:57] === Starting Firehose Health Check ===
[2025-10-10 12:07:57] ✅ DEV firehose healthy (last seq: 14197232000)
[2025-10-10 12:07:57] ✅ STG firehose healthy (last seq: 14197232000)
[2025-10-10 12:07:57] ✅ All services healthy
[2025-10-10 12:12:57] === Starting Firehose Health Check ===
[2025-10-10 12:12:57] ✅ DEV firehose healthy (last seq: 14197348000)
[2025-10-10 12:12:57] ✅ STG firehose healthy (last seq: 14197348000)
[2025-10-10 12:12:57] ✅ All services healthy
[2025-10-10 12:17:57] === Starting Firehose Health Check ===
[2025-10-10 12:17:57] ✅ DEV firehose healthy (last seq: 14197465000)
[2025-10-10 12:17:57] ✅ STG firehose healthy (last seq: 14197465000)
[2025-10-10 12:17:57] ✅ All services healthy
[2025-10-10 12:22:57] === Starting Firehose Health Check ===
[2025-10-10 12:22:57] ✅ DEV firehose healthy (last seq: 14197582000)
[2025-10-10 12:22:57] ✅ STG firehose healthy (last seq: 14197582000)
[2025-10-10 12:22:57] ✅ All services healthy
[2025-10-10 12:27:57] === Starting Firehose Health Check ===
[2025-10-10 12:27:57] ✅ DEV firehose healthy (last seq: 14197699000)
[2025-10-10 12:27:57] ✅ STG firehose healthy (last seq: 14197699000)
[2025-10-10 12:27:57] ✅ All services healthy
[2025-10-10 12:32:57] === Starting Firehose Health Check ===
[2025-10-10 12:32:57] ✅ DEV firehose healthy (last seq: 14197818000)
[2025-10-10 12:32:57] ✅ STG firehose healthy (last seq: 14197818000)
[2025-10-10 12:32:57] ✅ All services healthy
[2025-10-10 12:37:57] === Starting Firehose Health Check ===
[2025-10-10 12:37:57] ✅ DEV firehose healthy (last seq: 14197937000)
[2025-10-10 12:37:57] ✅ STG firehose healthy (last seq: 14197937000)
[2025-10-10 12:37:57] ✅ All services healthy
[2025-10-10 12:42:57] === Starting Firehose Health Check ===
[2025-10-10 12:42:57] ✅ DEV firehose healthy (last seq: 14198058000)
[2025-10-10 12:42:57] ✅ STG firehose healthy (last seq: 14198058000)
[2025-10-10 12:42:57] ✅ All services healthy
[2025-10-10 12:47:57] === Starting Firehose Health Check ===
[2025-10-10 12:47:57] ✅ DEV firehose healthy (last seq: 14198181000)
[2025-10-10 12:47:57] ✅ STG firehose healthy (last seq: 14198181000)
[2025-10-10 12:47:57] ✅ All services healthy
[2025-10-10 12:52:57] === Starting Firehose Health Check ===
[2025-10-10 12:52:57] ✅ DEV firehose healthy (last seq: 14198304000)
[2025-10-10 12:52:57] ✅ STG firehose healthy (last seq: 14198304000)
[2025-10-10 12:52:57] ✅ All services healthy
[2025-10-10 12:57:57] === Starting Firehose Health Check ===
[2025-10-10 12:57:57] ✅ DEV firehose healthy (last seq: 14198425000)
[2025-10-10 12:57:57] ✅ STG firehose healthy (last seq: 14198425000)
[2025-10-10 12:57:57] ✅ All services healthy
[2025-10-10 13:02:57] === Starting Firehose Health Check ===
[2025-10-10 13:02:57] ✅ DEV firehose healthy (last seq: 14198549000)
[2025-10-10 13:02:57] ✅ STG firehose healthy (last seq: 14198549000)
[2025-10-10 13:02:57] ✅ All services healthy
[2025-10-10 13:07:57] === Starting Firehose Health Check ===
[2025-10-10 13:07:57] ✅ DEV firehose healthy (last seq: 14198674000)
[2025-10-10 13:07:57] ✅ STG firehose healthy (last seq: 14198674000)
[2025-10-10 13:07:57] ✅ All services healthy
[2025-10-10 13:12:57] === Starting Firehose Health Check ===
[2025-10-10 13:12:57] ✅ DEV firehose healthy (last seq: 14198800000)
[2025-10-10 13:12:57] ✅ STG firehose healthy (last seq: 14198800000)
[2025-10-10 13:12:57] ✅ All services healthy
[2025-10-10 13:17:57] === Starting Firehose Health Check ===
[2025-10-10 13:17:57] ✅ DEV firehose healthy (last seq: 14198927000)
[2025-10-10 13:17:57] ✅ STG firehose healthy (last seq: 14198927000)
[2025-10-10 13:17:57] ✅ All services healthy
[2025-10-10 13:22:57] === Starting Firehose Health Check ===
[2025-10-10 13:22:57] ✅ DEV firehose healthy (last seq: 14199057000)
[2025-10-10 13:22:57] ✅ STG firehose healthy (last seq: 14199057000)
[2025-10-10 13:22:57] ✅ All services healthy
[2025-10-10 13:27:57] === Starting Firehose Health Check ===
[2025-10-10 13:27:57] ✅ DEV firehose healthy (last seq: 14199187000)
[2025-10-10 13:27:57] ✅ STG firehose healthy (last seq: 14199187000)
[2025-10-10 13:27:57] ✅ All services healthy
[2025-10-10 13:32:57] === Starting Firehose Health Check ===
[2025-10-10 13:32:57] ✅ DEV firehose healthy (last seq: 14199320000)
[2025-10-10 13:32:57] ✅ STG firehose healthy (last seq: 14199320000)
[2025-10-10 13:32:57] ✅ All services healthy
[2025-10-10 13:37:57] === Starting Firehose Health Check ===
[2025-10-10 13:37:57] ✅ DEV firehose healthy (last seq: 14199449000)
[2025-10-10 13:37:57] ✅ STG firehose healthy (last seq: 14199449000)
[2025-10-10 13:37:57] ✅ All services healthy
[2025-10-10 13:42:57] === Starting Firehose Health Check ===
[2025-10-10 13:42:57] ✅ DEV firehose healthy (last seq: 14199580000)
[2025-10-10 13:42:57] ✅ STG firehose healthy (last seq: 14199580000)
[2025-10-10 13:42:57] ✅ All services healthy
[2025-10-10 13:47:57] === Starting Firehose Health Check ===
[2025-10-10 13:47:57] ✅ DEV firehose healthy (last seq: 14199714000)
[2025-10-10 13:47:58] ✅ STG firehose healthy (last seq: 14199714000)
[2025-10-10 13:47:58] ✅ All services healthy
[2025-10-10 13:52:57] === Starting Firehose Health Check ===
[2025-10-10 13:52:57] ✅ DEV firehose healthy (last seq: 14199848000)
[2025-10-10 13:52:58] ✅ STG firehose healthy (last seq: 14199848000)
[2025-10-10 13:52:58] ✅ All services healthy
[2025-10-10 13:57:57] === Starting Firehose Health Check ===
[2025-10-10 13:57:58] ✅ DEV firehose healthy (last seq: 14199985000)
[2025-10-10 13:57:58] ✅ STG firehose healthy (last seq: 14199985000)
[2025-10-10 13:57:58] ✅ All services healthy
[2025-10-10 14:02:57] === Starting Firehose Health Check ===
[2025-10-10 14:02:58] ✅ DEV firehose healthy (last seq: 14200124000)
[2025-10-10 14:02:58] ✅ STG firehose healthy (last seq: 14200124000)
[2025-10-10 14:02:58] ✅ All services healthy
[2025-10-10 14:07:58] === Starting Firehose Health Check ===
[2025-10-10 14:07:58] ✅ DEV firehose healthy (last seq: 14200261000)
[2025-10-10 14:07:58] ✅ STG firehose healthy (last seq: 14200261000)
[2025-10-10 14:07:58] ✅ All services healthy
[2025-10-10 14:12:58] === Starting Firehose Health Check ===
[2025-10-10 14:12:58] ✅ DEV firehose healthy (last seq: 14200397000)
[2025-10-10 14:12:58] ✅ STG firehose healthy (last seq: 14200397000)
[2025-10-10 14:12:58] ✅ All services healthy
[2025-10-10 14:17:58] === Starting Firehose Health Check ===
[2025-10-10 14:17:58] ✅ DEV firehose healthy (last seq: 14200536000)
[2025-10-10 14:17:58] ✅ STG firehose healthy (last seq: 14200536000)
[2025-10-10 14:17:58] ✅ All services healthy
[2025-10-10 14:22:58] === Starting Firehose Health Check ===
[2025-10-10 14:22:58] ✅ DEV firehose healthy (last seq: 14200674000)
[2025-10-10 14:22:58] ✅ STG firehose healthy (last seq: 14200674000)
[2025-10-10 14:22:58] ✅ All services healthy
[2025-10-10 14:27:58] === Starting Firehose Health Check ===
[2025-10-10 14:27:58] ✅ DEV firehose healthy (last seq: 14200813000)
[2025-10-10 14:27:58] ✅ STG firehose healthy (last seq: 14200813000)
[2025-10-10 14:27:58] ✅ All services healthy
[2025-10-10 14:32:58] === Starting Firehose Health Check ===
[2025-10-10 14:32:58] ✅ DEV firehose healthy (last seq: 14200953000)
[2025-10-10 14:32:58] ✅ STG firehose healthy (last seq: 14200953000)
[2025-10-10 14:32:58] ✅ All services healthy
[2025-10-10 14:37:58] === Starting Firehose Health Check ===
[2025-10-10 14:37:58] ✅ DEV firehose healthy (last seq: 14201092000)
[2025-10-10 14:37:58] ✅ STG firehose healthy (last seq: 14201092000)
[2025-10-10 14:37:58] ✅ All services healthy
[2025-10-10 14:42:58] === Starting Firehose Health Check ===
[2025-10-10 14:42:58] ✅ DEV firehose healthy (last seq: 14201232000)
[2025-10-10 14:42:58] ✅ STG firehose healthy (last seq: 14201232000)
[2025-10-10 14:42:58] ✅ All services healthy
[2025-10-10 14:47:58] === Starting Firehose Health Check ===
[2025-10-10 14:47:58] ✅ DEV firehose healthy (last seq: 14201369000)
[2025-10-10 14:47:58] ✅ STG firehose healthy (last seq: 14201369000)
[2025-10-10 14:47:58] ✅ All services healthy
[2025-10-10 14:52:58] === Starting Firehose Health Check ===
[2025-10-10 14:52:58] ✅ DEV firehose healthy (last seq: 14201511000)
[2025-10-10 14:52:58] ✅ STG firehose healthy (last seq: 14201511000)
[2025-10-10 14:52:58] ✅ All services healthy
[2025-10-10 14:57:58] === Starting Firehose Health Check ===
[2025-10-10 14:57:58] ✅ DEV firehose healthy (last seq: 14201654000)
[2025-10-10 14:57:58] ✅ STG firehose healthy (last seq: 14201654000)
[2025-10-10 14:57:58] ✅ All services healthy
[2025-10-10 15:02:58] === Starting Firehose Health Check ===
[2025-10-10 15:02:58] ✅ DEV firehose healthy (last seq: 14201800000)
[2025-10-10 15:02:58] ✅ STG firehose healthy (last seq: 14201800000)
[2025-10-10 15:02:58] ✅ All services healthy
[2025-10-10 15:07:58] === Starting Firehose Health Check ===
[2025-10-10 15:07:58] ✅ DEV firehose healthy (last seq: 14201944000)
[2025-10-10 15:07:58] ✅ STG firehose healthy (last seq: 14201944000)
[2025-10-10 15:07:58] ✅ All services healthy
[2025-10-10 15:12:58] === Starting Firehose Health Check ===
[2025-10-10 15:12:58] ✅ DEV firehose healthy (last seq: 14202088000)
[2025-10-10 15:12:58] ✅ STG firehose healthy (last seq: 14202088000)
[2025-10-10 15:12:58] ✅ All services healthy
[2025-10-10 15:17:58] === Starting Firehose Health Check ===
[2025-10-10 15:17:58] ✅ DEV firehose healthy (last seq: 14202234000)
[2025-10-10 15:17:58] ✅ STG firehose healthy (last seq: 14202234000)
[2025-10-10 15:17:58] ✅ All services healthy
[2025-10-10 15:22:58] === Starting Firehose Health Check ===
[2025-10-10 15:22:58] ✅ DEV firehose healthy (last seq: 14202378000)
[2025-10-10 15:22:58] ✅ STG firehose healthy (last seq: 14202378000)
[2025-10-10 15:22:58] ✅ All services healthy
[2025-10-10 15:27:58] === Starting Firehose Health Check ===
[2025-10-10 15:27:58] ✅ DEV firehose healthy (last seq: 14202522000)
[2025-10-10 15:27:58] ✅ STG firehose healthy (last seq: 14202522000)
[2025-10-10 15:27:58] ✅ All services healthy
[2025-10-10 15:32:58] === Starting Firehose Health Check ===
[2025-10-10 15:32:58] ✅ DEV firehose healthy (last seq: 14202664000)
[2025-10-10 15:32:58] ✅ STG firehose healthy (last seq: 14202664000)
[2025-10-10 15:32:58] ✅ All services healthy
[2025-10-10 15:37:58] === Starting Firehose Health Check ===
[2025-10-10 15:37:58] ✅ DEV firehose healthy (last seq: 14202806000)
[2025-10-10 15:37:58] ✅ STG firehose healthy (last seq: 14202806000)
[2025-10-10 15:37:58] ✅ All services healthy
[2025-10-10 15:42:58] === Starting Firehose Health Check ===
[2025-10-10 15:42:58] ✅ DEV firehose healthy (last seq: 14202949000)
[2025-10-10 15:42:58] ✅ STG firehose healthy (last seq: 14202949000)
[2025-10-10 15:42:58] ✅ All services healthy
[2025-10-10 15:47:58] === Starting Firehose Health Check ===
[2025-10-10 15:47:58] ✅ DEV firehose healthy (last seq: 14203094000)
[2025-10-10 15:47:58] ✅ STG firehose healthy (last seq: 14203094000)
[2025-10-10 15:47:58] ✅ All services healthy
[2025-10-10 15:52:58] === Starting Firehose Health Check ===
[2025-10-10 15:52:58] ✅ DEV firehose healthy (last seq: 14203242000)
[2025-10-10 15:52:58] ✅ STG firehose healthy (last seq: 14203242000)
[2025-10-10 15:52:58] ✅ All services healthy
[2025-10-10 15:57:58] === Starting Firehose Health Check ===
[2025-10-10 15:57:58] ✅ DEV firehose healthy (last seq: 14203385000)
[2025-10-10 15:57:58] ✅ STG firehose healthy (last seq: 14203385000)
[2025-10-10 15:57:58] ✅ All services healthy
[2025-10-10 16:02:58] === Starting Firehose Health Check ===
[2025-10-10 16:02:58] ✅ DEV firehose healthy (last seq: 14203529000)
[2025-10-10 16:02:58] ✅ STG firehose healthy (last seq: 14203529000)
[2025-10-10 16:02:58] ✅ All services healthy
[2025-10-10 16:07:58] === Starting Firehose Health Check ===
[2025-10-10 16:07:58] ✅ DEV firehose healthy (last seq: 14203670000)
[2025-10-10 16:07:58] ✅ STG firehose healthy (last seq: 14203670000)
[2025-10-10 16:07:58] ✅ All services healthy
[2025-10-10 16:12:58] === Starting Firehose Health Check ===
[2025-10-10 16:12:58] ✅ DEV firehose healthy (last seq: 14203811000)
[2025-10-10 16:12:58] ✅ STG firehose healthy (last seq: 14203811000)
[2025-10-10 16:12:58] ✅ All services healthy
[2025-10-10 16:17:58] === Starting Firehose Health Check ===
[2025-10-10 16:17:58] ✅ DEV firehose healthy (last seq: 14203908000)
[2025-10-10 16:17:58] ✅ STG firehose healthy (last seq: 14203921000)
[2025-10-10 16:17:58] ✅ All services healthy
[2025-10-10 16:22:58] === Starting Firehose Health Check ===
[2025-10-10 16:22:58] ✅ DEV firehose healthy (last seq: 14204093000)
[2025-10-10 16:22:58] ✅ STG firehose healthy (last seq: 14204093000)
[2025-10-10 16:22:58] ✅ All services healthy
[2025-10-10 16:27:58] === Starting Firehose Health Check ===
[2025-10-10 16:27:58] ✅ DEV firehose healthy (last seq: 14204235000)
[2025-10-10 16:27:59] ✅ STG firehose healthy (last seq: 14204235000)
[2025-10-10 16:27:59] ✅ All services healthy
[2025-10-10 16:32:58] === Starting Firehose Health Check ===
[2025-10-10 16:32:58] ✅ DEV firehose healthy (last seq: 14204377000)
[2025-10-10 16:32:59] ✅ STG firehose healthy (last seq: 14204377000)
[2025-10-10 16:32:59] ✅ All services healthy
[2025-10-10 16:37:58] === Starting Firehose Health Check ===
[2025-10-10 16:37:59] ✅ DEV firehose healthy (last seq: 14204517000)
[2025-10-10 16:37:59] ✅ STG firehose healthy (last seq: 14204516000)
[2025-10-10 16:37:59] ✅ All services healthy
[2025-10-10 16:42:58] === Starting Firehose Health Check ===
[2025-10-10 16:42:59] ✅ DEV firehose healthy (last seq: 14204659000)
[2025-10-10 16:42:59] ✅ STG firehose healthy (last seq: 14204659000)
[2025-10-10 16:42:59] ✅ All services healthy
[2025-10-10 16:47:59] === Starting Firehose Health Check ===
[2025-10-10 16:47:59] ✅ DEV firehose healthy (last seq: 14204800000)
[2025-10-10 16:47:59] ✅ STG firehose healthy (last seq: 14204800000)
[2025-10-10 16:47:59] ✅ All services healthy
[2025-10-10 16:52:59] === Starting Firehose Health Check ===
[2025-10-10 16:52:59] ✅ DEV firehose healthy (last seq: 14204941000)
[2025-10-10 16:52:59] ✅ STG firehose healthy (last seq: 14204941000)
[2025-10-10 16:52:59] ✅ All services healthy
[2025-10-10 16:57:59] === Starting Firehose Health Check ===
[2025-10-10 16:57:59] ✅ DEV firehose healthy (last seq: 14205085000)
[2025-10-10 16:57:59] ✅ STG firehose healthy (last seq: 14205085000)
[2025-10-10 16:57:59] ✅ All services healthy
[2025-10-10 17:02:59] === Starting Firehose Health Check ===
[2025-10-10 17:02:59] ✅ DEV firehose healthy (last seq: 14205230000)
[2025-10-10 17:02:59] ✅ STG firehose healthy (last seq: 14205230000)
[2025-10-10 17:02:59] ✅ All services healthy
[2025-10-10 17:07:59] === Starting Firehose Health Check ===
[2025-10-10 17:07:59] ✅ DEV firehose healthy (last seq: 14205370000)
[2025-10-10 17:07:59] ✅ STG firehose healthy (last seq: 14205370000)
[2025-10-10 17:07:59] ✅ All services healthy
[2025-10-10 17:12:59] === Starting Firehose Health Check ===
[2025-10-10 17:12:59] ✅ DEV firehose healthy (last seq: 14205513000)
[2025-10-10 17:12:59] ✅ STG firehose healthy (last seq: 14205513000)
[2025-10-10 17:12:59] ✅ All services healthy
[2025-10-10 17:17:59] === Starting Firehose Health Check ===
[2025-10-10 17:17:59] ✅ DEV firehose healthy (last seq: 14205658000)
[2025-10-10 17:17:59] ✅ STG firehose healthy (last seq: 14205658000)
[2025-10-10 17:17:59] ✅ All services healthy
[2025-10-10 17:22:59] === Starting Firehose Health Check ===
[2025-10-10 17:22:59] ✅ DEV firehose healthy (last seq: 14205800000)
[2025-10-10 17:22:59] ✅ STG firehose healthy (last seq: 14205800000)
[2025-10-10 17:22:59] ✅ All services healthy
[2025-10-10 17:27:59] === Starting Firehose Health Check ===
[2025-10-10 17:27:59] ✅ DEV firehose healthy (last seq: 14205941000)
[2025-10-10 17:27:59] ✅ STG firehose healthy (last seq: 14205941000)
[2025-10-10 17:27:59] ✅ All services healthy
[2025-10-10 17:32:59] === Starting Firehose Health Check ===
[2025-10-10 17:32:59] ✅ DEV firehose healthy (last seq: 14206081000)
[2025-10-10 17:32:59] ✅ STG firehose healthy (last seq: 14206081000)
[2025-10-10 17:32:59] ✅ All services healthy
[2025-10-10 17:37:59] === Starting Firehose Health Check ===
[2025-10-10 17:37:59] ✅ DEV firehose healthy (last seq: 14206222000)
[2025-10-10 17:37:59] ✅ STG firehose healthy (last seq: 14206222000)
[2025-10-10 17:37:59] ✅ All services healthy
[2025-10-10 17:42:59] === Starting Firehose Health Check ===
[2025-10-10 17:42:59] ✅ DEV firehose healthy (last seq: 14206362000)
[2025-10-10 17:42:59] ✅ STG firehose healthy (last seq: 14206362000)
[2025-10-10 17:42:59] ✅ All services healthy
[2025-10-10 17:47:59] === Starting Firehose Health Check ===
[2025-10-10 17:47:59] ✅ DEV firehose healthy (last seq: 14206504000)
[2025-10-10 17:47:59] ✅ STG firehose healthy (last seq: 14206504000)
[2025-10-10 17:47:59] ✅ All services healthy
[2025-10-10 17:52:59] === Starting Firehose Health Check ===
[2025-10-10 17:52:59] ✅ DEV firehose healthy (last seq: 14206644000)
[2025-10-10 17:52:59] ✅ STG firehose healthy (last seq: 14206644000)
[2025-10-10 17:52:59] ✅ All services healthy
[2025-10-10 17:57:59] === Starting Firehose Health Check ===
[2025-10-10 17:57:59] ✅ DEV firehose healthy (last seq: 14206785000)
[2025-10-10 17:57:59] ✅ STG firehose healthy (last seq: 14206785000)
[2025-10-10 17:57:59] ✅ All services healthy
[2025-10-10 18:02:59] === Starting Firehose Health Check ===
[2025-10-10 18:02:59] ✅ DEV firehose healthy (last seq: 14206927000)
[2025-10-10 18:02:59] ✅ STG firehose healthy (last seq: 14206927000)
[2025-10-10 18:02:59] ✅ All services healthy
[2025-10-10 18:07:59] === Starting Firehose Health Check ===
[2025-10-10 18:07:59] ✅ DEV firehose healthy (last seq: 14207064000)
[2025-10-10 18:07:59] ✅ STG firehose healthy (last seq: 14207064000)
[2025-10-10 18:07:59] ✅ All services healthy
[2025-10-10 18:12:59] === Starting Firehose Health Check ===
[2025-10-10 18:12:59] ✅ DEV firehose healthy (last seq: 14207202000)
[2025-10-10 18:12:59] ✅ STG firehose healthy (last seq: 14207202000)
[2025-10-10 18:12:59] ✅ All services healthy
[2025-10-10 18:17:59] === Starting Firehose Health Check ===
[2025-10-10 18:17:59] ✅ DEV firehose healthy (last seq: 14207341000)
[2025-10-10 18:17:59] ✅ STG firehose healthy (last seq: 14207341000)
[2025-10-10 18:17:59] ✅ All services healthy
[2025-10-10 18:22:59] === Starting Firehose Health Check ===
[2025-10-10 18:22:59] ✅ DEV firehose healthy (last seq: 14207478000)
[2025-10-10 18:22:59] ✅ STG firehose healthy (last seq: 14207478000)
[2025-10-10 18:22:59] ✅ All services healthy
[2025-10-10 18:27:59] === Starting Firehose Health Check ===
[2025-10-10 18:27:59] ✅ DEV firehose healthy (last seq: 14207614000)
[2025-10-10 18:27:59] ✅ STG firehose healthy (last seq: 14207614000)
[2025-10-10 18:27:59] ✅ All services healthy
[2025-10-10 18:32:59] === Starting Firehose Health Check ===
[2025-10-10 18:32:59] ✅ DEV firehose healthy (last seq: 14207749000)
[2025-10-10 18:32:59] ✅ STG firehose healthy (last seq: 14207749000)
[2025-10-10 18:32:59] ✅ All services healthy
[2025-10-10 18:37:59] === Starting Firehose Health Check ===
[2025-10-10 18:37:59] ✅ DEV firehose healthy (last seq: 14207888000)
[2025-10-10 18:37:59] ✅ STG firehose healthy (last seq: 14207888000)
[2025-10-10 18:37:59] ✅ All services healthy
[2025-10-10 18:42:59] === Starting Firehose Health Check ===
[2025-10-10 18:42:59] ✅ DEV firehose healthy (last seq: 14208026000)
[2025-10-10 18:42:59] ✅ STG firehose healthy (last seq: 14208026000)
[2025-10-10 18:42:59] ✅ All services healthy
[2025-10-10 18:47:59] === Starting Firehose Health Check ===
[2025-10-10 18:47:59] ✅ DEV firehose healthy (last seq: 14208168000)
[2025-10-10 18:47:59] ✅ STG firehose healthy (last seq: 14208168000)
[2025-10-10 18:47:59] ✅ All services healthy
[2025-10-10 18:52:59] === Starting Firehose Health Check ===
[2025-10-10 18:52:59] ✅ DEV firehose healthy (last seq: 14208309000)
[2025-10-10 18:52:59] ✅ STG firehose healthy (last seq: 14208309000)
[2025-10-10 18:52:59] ✅ All services healthy
[2025-10-10 18:57:59] === Starting Firehose Health Check ===
[2025-10-10 18:57:59] ✅ DEV firehose healthy (last seq: 14208452000)
[2025-10-10 18:57:59] ✅ STG firehose healthy (last seq: 14208452000)
[2025-10-10 18:57:59] ✅ All services healthy
[2025-10-10 19:02:59] === Starting Firehose Health Check ===
[2025-10-10 19:02:59] ✅ DEV firehose healthy (last seq: 14208595000)
[2025-10-10 19:02:59] ✅ STG firehose healthy (last seq: 14208595000)
[2025-10-10 19:02:59] ✅ All services healthy
[2025-10-10 19:07:59] === Starting Firehose Health Check ===
[2025-10-10 19:07:59] ✅ DEV firehose healthy (last seq: 14208734000)
[2025-10-10 19:07:59] ✅ STG firehose healthy (last seq: 14208734000)
[2025-10-10 19:07:59] ✅ All services healthy
[2025-10-10 19:12:59] === Starting Firehose Health Check ===
[2025-10-10 19:12:59] ✅ DEV firehose healthy (last seq: 14208874000)
[2025-10-10 19:13:00] ✅ STG firehose healthy (last seq: 14208874000)
[2025-10-10 19:13:00] ✅ All services healthy
[2025-10-10 19:17:59] === Starting Firehose Health Check ===
[2025-10-10 19:17:59] ✅ DEV firehose healthy (last seq: 14209014000)
[2025-10-10 19:18:00] ✅ STG firehose healthy (last seq: 14209014000)
[2025-10-10 19:18:00] ✅ All services healthy
[2025-10-10 19:22:59] === Starting Firehose Health Check ===
[2025-10-10 19:23:00] ✅ DEV firehose healthy (last seq: 14209154000)
[2025-10-10 19:23:00] ✅ STG firehose healthy (last seq: 14209154000)
[2025-10-10 19:23:00] ✅ All services healthy
[2025-10-10 19:27:59] === Starting Firehose Health Check ===
[2025-10-10 19:28:00] ✅ DEV firehose healthy (last seq: 14209294000)
[2025-10-10 19:28:00] ✅ STG firehose healthy (last seq: 14209294000)
[2025-10-10 19:28:00] ✅ All services healthy
[2025-10-10 19:33:00] === Starting Firehose Health Check ===
[2025-10-10 19:33:00] ✅ DEV firehose healthy (last seq: 14209436000)
[2025-10-10 19:33:00] ✅ STG firehose healthy (last seq: 14209436000)
[2025-10-10 19:33:00] ✅ All services healthy
[2025-10-10 19:38:00] === Starting Firehose Health Check ===
[2025-10-10 19:38:00] ✅ DEV firehose healthy (last seq: 14209574000)
[2025-10-10 19:38:00] ✅ STG firehose healthy (last seq: 14209574000)
[2025-10-10 19:38:00] ✅ All services healthy
[2025-10-10 19:43:00] === Starting Firehose Health Check ===
[2025-10-10 19:43:00] ✅ DEV firehose healthy (last seq: 14209712000)
[2025-10-10 19:43:00] ✅ STG firehose healthy (last seq: 14209712000)
[2025-10-10 19:43:00] ✅ All services healthy
[2025-10-10 19:48:00] === Starting Firehose Health Check ===
[2025-10-10 19:48:00] ✅ DEV firehose healthy (last seq: 14209852000)
[2025-10-10 19:48:00] ✅ STG firehose healthy (last seq: 14209852000)
[2025-10-10 19:48:00] ✅ All services healthy
[2025-10-10 19:53:00] === Starting Firehose Health Check ===
[2025-10-10 19:53:00] ✅ DEV firehose healthy (last seq: 14209991000)
[2025-10-10 19:53:00] ✅ STG firehose healthy (last seq: 14209991000)
[2025-10-10 19:53:00] ✅ All services healthy
[2025-10-10 19:58:00] === Starting Firehose Health Check ===
[2025-10-10 19:58:00] ✅ DEV firehose healthy (last seq: 14210130000)
[2025-10-10 19:58:00] ✅ STG firehose healthy (last seq: 14210130000)
[2025-10-10 19:58:00] ✅ All services healthy
[2025-10-10 20:03:00] === Starting Firehose Health Check ===
[2025-10-10 20:03:00] ✅ DEV firehose healthy (last seq: 14210271000)
[2025-10-10 20:03:00] ✅ STG firehose healthy (last seq: 14210271000)
[2025-10-10 20:03:00] ✅ All services healthy
[2025-10-10 20:08:00] === Starting Firehose Health Check ===
[2025-10-10 20:08:00] ✅ DEV firehose healthy (last seq: 14210411000)
[2025-10-10 20:08:00] ✅ STG firehose healthy (last seq: 14210411000)
[2025-10-10 20:08:00] ✅ All services healthy
[2025-10-10 20:13:00] === Starting Firehose Health Check ===
[2025-10-10 20:13:00] ✅ DEV firehose healthy (last seq: 14210554000)
[2025-10-10 20:13:00] ✅ STG firehose healthy (last seq: 14210554000)
[2025-10-10 20:13:00] ✅ All services healthy
[2025-10-10 20:18:00] === Starting Firehose Health Check ===
[2025-10-10 20:18:00] ✅ DEV firehose healthy (last seq: 14210696000)
[2025-10-10 20:18:00] ✅ STG firehose healthy (last seq: 14210696000)
[2025-10-10 20:18:00] ✅ All services healthy
[2025-10-10 20:23:00] === Starting Firehose Health Check ===
[2025-10-10 20:23:00] ✅ DEV firehose healthy (last seq: 14210837000)
[2025-10-10 20:23:00] ✅ STG firehose healthy (last seq: 14210837000)
[2025-10-10 20:23:00] ✅ All services healthy
[2025-10-10 20:28:00] === Starting Firehose Health Check ===
[2025-10-10 20:28:00] ✅ DEV firehose healthy (last seq: 14210978000)
[2025-10-10 20:28:00] ✅ STG firehose healthy (last seq: 14210978000)
[2025-10-10 20:28:00] ✅ All services healthy
[2025-10-10 20:33:00] === Starting Firehose Health Check ===
[2025-10-10 20:33:00] ✅ DEV firehose healthy (last seq: 14211121000)
[2025-10-10 20:33:00] ✅ STG firehose healthy (last seq: 14211121000)
[2025-10-10 20:33:00] ✅ All services healthy
[2025-10-10 20:38:00] === Starting Firehose Health Check ===
[2025-10-10 20:38:00] ✅ DEV firehose healthy (last seq: 14211262000)
[2025-10-10 20:38:00] ✅ STG firehose healthy (last seq: 14211262000)
[2025-10-10 20:38:00] ✅ All services healthy
[2025-10-10 20:43:00] === Starting Firehose Health Check ===
[2025-10-10 20:43:00] ✅ DEV firehose healthy (last seq: 14211402000)
[2025-10-10 20:43:00] ✅ STG firehose healthy (last seq: 14211402000)
[2025-10-10 20:43:00] ✅ All services healthy
[2025-10-10 20:48:00] === Starting Firehose Health Check ===
[2025-10-10 20:48:00] ✅ DEV firehose healthy (last seq: 14211543000)
[2025-10-10 20:48:00] ✅ STG firehose healthy (last seq: 14211543000)
[2025-10-10 20:48:00] ✅ All services healthy
[2025-10-10 20:53:00] === Starting Firehose Health Check ===
[2025-10-10 20:53:00] ✅ DEV firehose healthy (last seq: 14211681000)
[2025-10-10 20:53:00] ✅ STG firehose healthy (last seq: 14211681000)
[2025-10-10 20:53:00] ✅ All services healthy
[2025-10-10 20:58:00] === Starting Firehose Health Check ===
[2025-10-10 20:58:00] ✅ DEV firehose healthy (last seq: 14211822000)
[2025-10-10 20:58:00] ✅ STG firehose healthy (last seq: 14211822000)
[2025-10-10 20:58:00] ✅ All services healthy
[2025-10-10 21:03:00] === Starting Firehose Health Check ===
[2025-10-10 21:03:00] ✅ DEV firehose healthy (last seq: 14211963000)
[2025-10-10 21:03:00] ✅ STG firehose healthy (last seq: 14211963000)
[2025-10-10 21:03:00] ✅ All services healthy
[2025-10-10 21:08:00] === Starting Firehose Health Check ===
[2025-10-10 21:08:00] ✅ DEV firehose healthy (last seq: 14212100000)
[2025-10-10 21:08:00] ✅ STG firehose healthy (last seq: 14212100000)
[2025-10-10 21:08:00] ✅ All services healthy
[2025-10-10 21:13:00] === Starting Firehose Health Check ===
[2025-10-10 21:13:00] ✅ DEV firehose healthy (last seq: 14212237000)
[2025-10-10 21:13:00] ✅ STG firehose healthy (last seq: 14212237000)
[2025-10-10 21:13:00] ✅ All services healthy
[2025-10-10 21:18:00] === Starting Firehose Health Check ===
[2025-10-10 21:18:00] ✅ DEV firehose healthy (last seq: 14212375000)
[2025-10-10 21:18:00] ✅ STG firehose healthy (last seq: 14212375000)
[2025-10-10 21:18:00] ✅ All services healthy
[2025-10-10 21:23:00] === Starting Firehose Health Check ===
[2025-10-10 21:23:00] ✅ DEV firehose healthy (last seq: 14212513000)
[2025-10-10 21:23:00] ✅ STG firehose healthy (last seq: 14212513000)
[2025-10-10 21:23:00] ✅ All services healthy
[2025-10-10 21:28:00] === Starting Firehose Health Check ===
[2025-10-10 21:28:00] ✅ DEV firehose healthy (last seq: 14212648000)
[2025-10-10 21:28:00] ✅ STG firehose healthy (last seq: 14212648000)
[2025-10-10 21:28:00] ✅ All services healthy
[2025-10-10 21:33:00] === Starting Firehose Health Check ===
[2025-10-10 21:33:00] ✅ DEV firehose healthy (last seq: 14212784000)
[2025-10-10 21:33:00] ✅ STG firehose healthy (last seq: 14212784000)
[2025-10-10 21:33:00] ✅ All services healthy
[2025-10-10 21:38:00] === Starting Firehose Health Check ===
[2025-10-10 21:38:00] ✅ DEV firehose healthy (last seq: 14212922000)
[2025-10-10 21:38:00] ✅ STG firehose healthy (last seq: 14212922000)
[2025-10-10 21:38:00] ✅ All services healthy
[2025-10-10 21:43:00] === Starting Firehose Health Check ===
[2025-10-10 21:43:00] ✅ DEV firehose healthy (last seq: 14213060000)
[2025-10-10 21:43:00] ✅ STG firehose healthy (last seq: 14213060000)
[2025-10-10 21:43:00] ✅ All services healthy
[2025-10-10 21:48:00] === Starting Firehose Health Check ===
[2025-10-10 21:48:00] ✅ DEV firehose healthy (last seq: 14213194000)
[2025-10-10 21:48:00] ✅ STG firehose healthy (last seq: 14213194000)
[2025-10-10 21:48:00] ✅ All services healthy
[2025-10-10 21:53:00] === Starting Firehose Health Check ===
[2025-10-10 21:53:00] ✅ DEV firehose healthy (last seq: 14213326000)
[2025-10-10 21:53:00] ✅ STG firehose healthy (last seq: 14213326000)
[2025-10-10 21:53:01] ✅ All services healthy
[2025-10-10 21:58:00] === Starting Firehose Health Check ===
[2025-10-10 21:58:00] ✅ DEV firehose healthy (last seq: 14213458000)
[2025-10-10 21:58:01] ✅ STG firehose healthy (last seq: 14213458000)
[2025-10-10 21:58:01] ✅ All services healthy
[2025-10-10 22:03:00] === Starting Firehose Health Check ===
[2025-10-10 22:03:00] ✅ DEV firehose healthy (last seq: 14213589000)
[2025-10-10 22:03:01] ✅ STG firehose healthy (last seq: 14213589000)
[2025-10-10 22:03:01] ✅ All services healthy
[2025-10-10 22:08:00] === Starting Firehose Health Check ===
[2025-10-10 22:08:01] ✅ DEV firehose healthy (last seq: 14213720000)
[2025-10-10 22:08:01] ✅ STG firehose healthy (last seq: 14213721000)
[2025-10-10 22:08:01] ✅ All services healthy
[2025-10-10 22:13:01] === Starting Firehose Health Check ===
[2025-10-10 22:13:01] ✅ DEV firehose healthy (last seq: 14213849000)
[2025-10-10 22:13:01] ✅ STG firehose healthy (last seq: 14213849000)
[2025-10-10 22:13:01] ✅ All services healthy
[2025-10-10 22:18:01] === Starting Firehose Health Check ===
[2025-10-10 22:18:01] ✅ DEV firehose healthy (last seq: 14213979000)
[2025-10-10 22:18:01] ✅ STG firehose healthy (last seq: 14213979000)
[2025-10-10 22:18:01] ✅ All services healthy
[2025-10-10 22:23:01] === Starting Firehose Health Check ===
[2025-10-10 22:23:01] ✅ DEV firehose healthy (last seq: 14214106000)
[2025-10-10 22:23:01] ✅ STG firehose healthy (last seq: 14214106000)
[2025-10-10 22:23:01] ✅ All services healthy
[2025-10-10 22:28:01] === Starting Firehose Health Check ===
[2025-10-10 22:28:01] ✅ DEV firehose healthy (last seq: 14214232000)
[2025-10-10 22:28:01] ✅ STG firehose healthy (last seq: 14214232000)
[2025-10-10 22:28:01] ✅ All services healthy
[2025-10-10 22:33:01] === Starting Firehose Health Check ===
[2025-10-10 22:33:01] ✅ DEV firehose healthy (last seq: 14214357000)
[2025-10-10 22:33:01] ✅ STG firehose healthy (last seq: 14214357000)
[2025-10-10 22:33:01] ✅ All services healthy
[2025-10-10 22:38:01] === Starting Firehose Health Check ===
[2025-10-10 22:38:01] ✅ DEV firehose healthy (last seq: 14214483000)
[2025-10-10 22:38:01] ✅ STG firehose healthy (last seq: 14214483000)
[2025-10-10 22:38:01] ✅ All services healthy
[2025-10-10 22:43:01] === Starting Firehose Health Check ===
[2025-10-10 22:43:01] ✅ DEV firehose healthy (last seq: 14214608000)
[2025-10-10 22:43:01] ✅ STG firehose healthy (last seq: 14214608000)
[2025-10-10 22:43:01] ✅ All services healthy
[2025-10-10 22:48:01] === Starting Firehose Health Check ===
[2025-10-10 22:48:01] ✅ DEV firehose healthy (last seq: 14214733000)
[2025-10-10 22:48:01] ✅ STG firehose healthy (last seq: 14214733000)
[2025-10-10 22:48:01] ✅ All services healthy
[2025-10-10 22:53:01] === Starting Firehose Health Check ===
[2025-10-10 22:53:01] ✅ DEV firehose healthy (last seq: 14214856000)
[2025-10-10 22:53:01] ✅ STG firehose healthy (last seq: 14214856000)
[2025-10-10 22:53:01] ✅ All services healthy
[2025-10-10 22:58:01] === Starting Firehose Health Check ===
[2025-10-10 22:58:01] ✅ DEV firehose healthy (last seq: 14214976000)
[2025-10-10 22:58:01] ✅ STG firehose healthy (last seq: 14214976000)
[2025-10-10 22:58:01] ✅ All services healthy
[2025-10-10 23:03:01] === Starting Firehose Health Check ===
[2025-10-10 23:03:01] ✅ DEV firehose healthy (last seq: 14215097000)
[2025-10-10 23:03:01] ✅ STG firehose healthy (last seq: 14215097000)
[2025-10-10 23:03:01] ✅ All services healthy
[2025-10-10 23:08:01] === Starting Firehose Health Check ===
[2025-10-10 23:08:01] ✅ DEV firehose healthy (last seq: 14215216000)
[2025-10-10 23:08:01] ✅ STG firehose healthy (last seq: 14215216000)
[2025-10-10 23:08:01] ✅ All services healthy
[2025-10-10 23:13:01] === Starting Firehose Health Check ===
[2025-10-10 23:13:01] ✅ DEV firehose healthy (last seq: 14215334000)
[2025-10-10 23:13:01] ✅ STG firehose healthy (last seq: 14215334000)
[2025-10-10 23:13:01] ✅ All services healthy
[2025-10-10 23:18:01] === Starting Firehose Health Check ===
[2025-10-10 23:18:01] ✅ DEV firehose healthy (last seq: 14215452000)
[2025-10-10 23:18:01] ✅ STG firehose healthy (last seq: 14215452000)
[2025-10-10 23:18:01] ✅ All services healthy
[2025-10-10 23:23:01] === Starting Firehose Health Check ===
[2025-10-10 23:23:01] ✅ DEV firehose healthy (last seq: 14215570000)
[2025-10-10 23:23:01] ✅ STG firehose healthy (last seq: 14215570000)
[2025-10-10 23:23:01] ✅ All services healthy
[2025-10-10 23:28:01] === Starting Firehose Health Check ===
[2025-10-10 23:28:01] ✅ DEV firehose healthy (last seq: 14215688000)
[2025-10-10 23:28:01] ✅ STG firehose healthy (last seq: 14215689000)
[2025-10-10 23:28:01] ✅ All services healthy
[2025-10-10 23:33:01] === Starting Firehose Health Check ===
[2025-10-10 23:33:01] ✅ DEV firehose healthy (last seq: 14215805000)
[2025-10-10 23:33:01] ✅ STG firehose healthy (last seq: 14215805000)
[2025-10-10 23:33:01] ✅ All services healthy
[2025-10-10 23:38:01] === Starting Firehose Health Check ===
[2025-10-10 23:38:01] ✅ DEV firehose healthy (last seq: 14215923000)
[2025-10-10 23:38:01] ✅ STG firehose healthy (last seq: 14215923000)
[2025-10-10 23:38:01] ✅ All services healthy
[2025-10-10 23:43:01] === Starting Firehose Health Check ===
[2025-10-10 23:43:01] ✅ DEV firehose healthy (last seq: 14216040000)
[2025-10-10 23:43:01] ✅ STG firehose healthy (last seq: 14216041000)
[2025-10-10 23:43:01] ✅ All services healthy
[2025-10-10 23:48:01] === Starting Firehose Health Check ===
[2025-10-10 23:48:01] ✅ DEV firehose healthy (last seq: 14216153000)
[2025-10-10 23:48:01] ✅ STG firehose healthy (last seq: 14216153000)
[2025-10-10 23:48:01] ✅ All services healthy
[2025-10-10 23:53:01] === Starting Firehose Health Check ===
[2025-10-10 23:53:01] ✅ DEV firehose healthy (last seq: 14216268000)
[2025-10-10 23:53:01] ✅ STG firehose healthy (last seq: 14216268000)
[2025-10-10 23:53:01] ✅ All services healthy
[2025-10-10 23:58:01] === Starting Firehose Health Check ===
[2025-10-10 23:58:01] ✅ DEV firehose healthy (last seq: 14216383000)
[2025-10-10 23:58:01] ✅ STG firehose healthy (last seq: 14216383000)
[2025-10-10 23:58:01] ✅ All services healthy
[2025-10-11 00:03:01] === Starting Firehose Health Check ===
[2025-10-11 00:03:01] ✅ DEV firehose healthy (last seq: 14216497000)
[2025-10-11 00:03:01] ✅ STG firehose healthy (last seq: 14216497000)
[2025-10-11 00:03:01] ✅ All services healthy
[2025-10-11 00:08:01] === Starting Firehose Health Check ===
[2025-10-11 00:08:01] ✅ DEV firehose healthy (last seq: 14216610000)
[2025-10-11 00:08:01] ✅ STG firehose healthy (last seq: 14216610000)
[2025-10-11 00:08:01] ✅ All services healthy
[2025-10-11 00:13:01] === Starting Firehose Health Check ===
[2025-10-11 00:13:01] ✅ DEV firehose healthy (last seq: 14216721000)
[2025-10-11 00:13:01] ✅ STG firehose healthy (last seq: 14216721000)
[2025-10-11 00:13:01] ✅ All services healthy
[2025-10-11 00:18:01] === Starting Firehose Health Check ===
[2025-10-11 00:18:01] ✅ DEV firehose healthy (last seq: 14216832000)
[2025-10-11 00:18:01] ✅ STG firehose healthy (last seq: 14216832000)
[2025-10-11 00:18:01] ✅ All services healthy
[2025-10-11 00:23:01] === Starting Firehose Health Check ===
[2025-10-11 00:23:01] ✅ DEV firehose healthy (last seq: 14216944000)
[2025-10-11 00:23:01] ✅ STG firehose healthy (last seq: 14216944000)
[2025-10-11 00:23:01] ✅ All services healthy
[2025-10-11 00:28:01] === Starting Firehose Health Check ===
[2025-10-11 00:28:01] ✅ DEV firehose healthy (last seq: 14217058000)
[2025-10-11 00:28:01] ✅ STG firehose healthy (last seq: 14217058000)
[2025-10-11 00:28:01] ✅ All services healthy
[2025-10-11 00:33:01] === Starting Firehose Health Check ===
[2025-10-11 00:33:01] ✅ DEV firehose healthy (last seq: 14217171000)
[2025-10-11 00:33:01] ✅ STG firehose healthy (last seq: 14217171000)
[2025-10-11 00:33:02] ✅ All services healthy
[2025-10-11 00:38:01] === Starting Firehose Health Check ===
[2025-10-11 00:38:01] ✅ DEV firehose healthy (last seq: 14217281000)
[2025-10-11 00:38:01] ✅ STG firehose healthy (last seq: 14217281000)
[2025-10-11 00:38:02] ✅ All services healthy
[2025-10-11 00:43:01] === Starting Firehose Health Check ===
[2025-10-11 00:43:01] ✅ DEV firehose healthy (last seq: 14217393000)
[2025-10-11 00:43:02] ✅ STG firehose healthy (last seq: 14217393000)
[2025-10-11 00:43:02] ✅ All services healthy
[2025-10-11 00:48:01] === Starting Firehose Health Check ===
[2025-10-11 00:48:02] ✅ DEV firehose healthy (last seq: 14217502000)
[2025-10-11 00:48:02] ✅ STG firehose healthy (last seq: 14217502000)
[2025-10-11 00:48:02] ✅ All services healthy
[2025-10-11 00:53:02] === Starting Firehose Health Check ===
[2025-10-11 00:53:02] ✅ DEV firehose healthy (last seq: 14217614000)
[2025-10-11 00:53:02] ✅ STG firehose healthy (last seq: 14217614000)
[2025-10-11 00:53:02] ✅ All services healthy
[2025-10-11 00:58:02] === Starting Firehose Health Check ===
[2025-10-11 00:58:02] ✅ DEV firehose healthy (last seq: 14217724000)
[2025-10-11 00:58:02] ✅ STG firehose healthy (last seq: 14217724000)
[2025-10-11 00:58:02] ✅ All services healthy
[2025-10-11 01:03:02] === Starting Firehose Health Check ===
[2025-10-11 01:03:02] ✅ DEV firehose healthy (last seq: 14217838000)
[2025-10-11 01:03:02] ✅ STG firehose healthy (last seq: 14217838000)
[2025-10-11 01:03:02] ✅ All services healthy
[2025-10-11 01:08:02] === Starting Firehose Health Check ===
[2025-10-11 01:08:02] ✅ DEV firehose healthy (last seq: 14217947000)
[2025-10-11 01:08:02] ✅ STG firehose healthy (last seq: 14217947000)
[2025-10-11 01:08:02] ✅ All services healthy
[2025-10-11 01:13:02] === Starting Firehose Health Check ===
[2025-10-11 01:13:02] ✅ DEV firehose healthy (last seq: 14218057000)
[2025-10-11 01:13:02] ✅ STG firehose healthy (last seq: 14218057000)
[2025-10-11 01:13:02] ✅ All services healthy
[2025-10-11 01:18:02] === Starting Firehose Health Check ===
[2025-10-11 01:18:02] ✅ DEV firehose healthy (last seq: 14218166000)
[2025-10-11 01:18:02] ✅ STG firehose healthy (last seq: 14218166000)
[2025-10-11 01:18:02] ✅ All services healthy
[2025-10-11 01:23:02] === Starting Firehose Health Check ===
[2025-10-11 01:23:02] ✅ DEV firehose healthy (last seq: 14218274000)
[2025-10-11 01:23:02] ✅ STG firehose healthy (last seq: 14218274000)
[2025-10-11 01:23:02] ✅ All services healthy
[2025-10-11 01:28:02] === Starting Firehose Health Check ===
[2025-10-11 01:28:02] ✅ DEV firehose healthy (last seq: 14218383000)
[2025-10-11 01:28:02] ✅ STG firehose healthy (last seq: 14218383000)
[2025-10-11 01:28:02] ✅ All services healthy
[2025-10-11 01:33:02] === Starting Firehose Health Check ===
[2025-10-11 01:33:02] ✅ DEV firehose healthy (last seq: 14218492000)
[2025-10-11 01:33:02] ✅ STG firehose healthy (last seq: 14218492000)
[2025-10-11 01:33:02] ✅ All services healthy
[2025-10-11 01:38:02] === Starting Firehose Health Check ===
[2025-10-11 01:38:02] ✅ DEV firehose healthy (last seq: 14218599000)
[2025-10-11 01:38:02] ✅ STG firehose healthy (last seq: 14218599000)
[2025-10-11 01:38:02] ✅ All services healthy
[2025-10-11 01:43:02] === Starting Firehose Health Check ===
[2025-10-11 01:43:02] ✅ DEV firehose healthy (last seq: 14218706000)
[2025-10-11 01:43:02] ✅ STG firehose healthy (last seq: 14218706000)
[2025-10-11 01:43:02] ✅ All services healthy
[2025-10-11 01:48:02] === Starting Firehose Health Check ===
[2025-10-11 01:48:02] ✅ DEV firehose healthy (last seq: 14218817000)
[2025-10-11 01:48:02] ✅ STG firehose healthy (last seq: 14218817000)
[2025-10-11 01:48:02] ✅ All services healthy
[2025-10-11 01:53:02] === Starting Firehose Health Check ===
[2025-10-11 01:53:02] ✅ DEV firehose healthy (last seq: 14218925000)
[2025-10-11 01:53:02] ✅ STG firehose healthy (last seq: 14218925000)
[2025-10-11 01:53:02] ✅ All services healthy
[2025-10-11 01:58:02] === Starting Firehose Health Check ===
[2025-10-11 01:58:02] ✅ DEV firehose healthy (last seq: 14219031000)
[2025-10-11 01:58:02] ✅ STG firehose healthy (last seq: 14219031000)
[2025-10-11 01:58:02] ✅ All services healthy
[2025-10-11 02:03:02] === Starting Firehose Health Check ===
[2025-10-11 02:03:02] ✅ DEV firehose healthy (last seq: 14219139000)
[2025-10-11 02:03:02] ✅ STG firehose healthy (last seq: 14219139000)
[2025-10-11 02:03:02] ✅ All services healthy
[2025-10-11 02:08:02] === Starting Firehose Health Check ===
[2025-10-11 02:08:02] ✅ DEV firehose healthy (last seq: 14219244000)
[2025-10-11 02:08:02] ✅ STG firehose healthy (last seq: 14219244000)
[2025-10-11 02:08:02] ✅ All services healthy
[2025-10-11 02:13:02] === Starting Firehose Health Check ===
[2025-10-11 02:13:02] ✅ DEV firehose healthy (last seq: 14219346000)
[2025-10-11 02:13:02] ✅ STG firehose healthy (last seq: 14219346000)
[2025-10-11 02:13:02] ✅ All services healthy
[2025-10-11 02:18:02] === Starting Firehose Health Check ===
[2025-10-11 02:18:02] ✅ DEV firehose healthy (last seq: 14219452000)
[2025-10-11 02:18:02] ✅ STG firehose healthy (last seq: 14219452000)
[2025-10-11 02:18:02] ✅ All services healthy
[2025-10-11 02:23:02] === Starting Firehose Health Check ===
[2025-10-11 02:23:02] ✅ DEV firehose healthy (last seq: 14219559000)
[2025-10-11 02:23:02] ✅ STG firehose healthy (last seq: 14219559000)
[2025-10-11 02:23:02] ✅ All services healthy
[2025-10-11 02:28:02] === Starting Firehose Health Check ===
[2025-10-11 02:28:02] ✅ DEV firehose healthy (last seq: 14219666000)
[2025-10-11 02:28:02] ✅ STG firehose healthy (last seq: 14219666000)
[2025-10-11 02:28:02] ✅ All services healthy
[2025-10-11 02:33:02] === Starting Firehose Health Check ===
[2025-10-11 02:33:02] ✅ DEV firehose healthy (last seq: 14219767000)
[2025-10-11 02:33:02] ✅ STG firehose healthy (last seq: 14219767000)
[2025-10-11 02:33:02] ✅ All services healthy
[2025-10-11 02:38:02] === Starting Firehose Health Check ===
[2025-10-11 02:38:02] ✅ DEV firehose healthy (last seq: 14219870000)
[2025-10-11 02:38:02] ✅ STG firehose healthy (last seq: 14219870000)
[2025-10-11 02:38:02] ✅ All services healthy
[2025-10-11 02:43:02] === Starting Firehose Health Check ===
[2025-10-11 02:43:02] ✅ DEV firehose healthy (last seq: 14219973000)
[2025-10-11 02:43:02] ✅ STG firehose healthy (last seq: 14219973000)
[2025-10-11 02:43:02] ✅ All services healthy
[2025-10-11 02:48:02] === Starting Firehose Health Check ===
[2025-10-11 02:48:02] ✅ DEV firehose healthy (last seq: 14220074000)
[2025-10-11 02:48:02] ✅ STG firehose healthy (last seq: 14220074000)
[2025-10-11 02:48:02] ✅ All services healthy
[2025-10-11 02:53:02] === Starting Firehose Health Check ===
[2025-10-11 02:53:02] ✅ DEV firehose healthy (last seq: 14220176000)
[2025-10-11 02:53:02] ✅ STG firehose healthy (last seq: 14220176000)
[2025-10-11 02:53:02] ✅ All services healthy
[2025-10-11 02:58:02] === Starting Firehose Health Check ===
[2025-10-11 02:58:02] ✅ DEV firehose healthy (last seq: 14220280000)
[2025-10-11 02:58:02] ✅ STG firehose healthy (last seq: 14220280000)
[2025-10-11 02:58:02] ✅ All services healthy
[2025-10-11 03:03:02] === Starting Firehose Health Check ===
[2025-10-11 03:03:02] ✅ DEV firehose healthy (last seq: 14220379000)
[2025-10-11 03:03:02] ✅ STG firehose healthy (last seq: 14220379000)
[2025-10-11 03:03:02] ✅ All services healthy
[2025-10-11 03:08:02] === Starting Firehose Health Check ===
[2025-10-11 03:08:02] ✅ DEV firehose healthy (last seq: 14220481000)
[2025-10-11 03:08:02] ✅ STG firehose healthy (last seq: 14220481000)
[2025-10-11 03:08:02] ✅ All services healthy
[2025-10-11 03:13:02] === Starting Firehose Health Check ===
[2025-10-11 03:13:02] ✅ DEV firehose healthy (last seq: 14220579000)
[2025-10-11 03:13:02] ✅ STG firehose healthy (last seq: 14220579000)
[2025-10-11 03:13:02] ✅ All services healthy
[2025-10-11 03:18:02] === Starting Firehose Health Check ===
[2025-10-11 03:18:02] ✅ DEV firehose healthy (last seq: 14220676000)
[2025-10-11 03:18:02] ✅ STG firehose healthy (last seq: 14220676000)
[2025-10-11 03:18:03] ✅ All services healthy
[2025-10-11 03:23:02] === Starting Firehose Health Check ===
[2025-10-11 03:23:02] ✅ DEV firehose healthy (last seq: 14220775000)
[2025-10-11 03:23:03] ✅ STG firehose healthy (last seq: 14220775000)
[2025-10-11 03:23:03] ✅ All services healthy
[2025-10-11 03:28:02] === Starting Firehose Health Check ===
[2025-10-11 03:28:03] ✅ DEV firehose healthy (last seq: 14220870000)
[2025-10-11 03:28:03] ✅ STG firehose healthy (last seq: 14220870000)
[2025-10-11 03:28:03] ✅ All services healthy
[2025-10-11 03:33:02] === Starting Firehose Health Check ===
[2025-10-11 03:33:03] ✅ DEV firehose healthy (last seq: 14220963000)
[2025-10-11 03:33:03] ✅ STG firehose healthy (last seq: 14220963000)
[2025-10-11 03:33:03] ✅ All services healthy
[2025-10-11 03:38:03] === Starting Firehose Health Check ===
[2025-10-11 03:38:03] ✅ DEV firehose healthy (last seq: 14221058000)
[2025-10-11 03:38:03] ✅ STG firehose healthy (last seq: 14221058000)
[2025-10-11 03:38:03] ✅ All services healthy
[2025-10-11 03:43:03] === Starting Firehose Health Check ===
[2025-10-11 03:43:03] ✅ DEV firehose healthy (last seq: 14221149000)
[2025-10-11 03:43:03] ✅ STG firehose healthy (last seq: 14221149000)
[2025-10-11 03:43:03] ✅ All services healthy
[2025-10-11 03:48:03] === Starting Firehose Health Check ===
[2025-10-11 03:48:03] ✅ DEV firehose healthy (last seq: 14221240000)
[2025-10-11 03:48:03] ✅ STG firehose healthy (last seq: 14221240000)
[2025-10-11 03:48:03] ✅ All services healthy
[2025-10-11 03:53:03] === Starting Firehose Health Check ===
[2025-10-11 03:53:03] ✅ DEV firehose healthy (last seq: 14221330000)
[2025-10-11 03:53:03] ✅ STG firehose healthy (last seq: 14221330000)
[2025-10-11 03:53:03] ✅ All services healthy
[2025-10-11 03:58:03] === Starting Firehose Health Check ===
[2025-10-11 03:58:03] ✅ DEV firehose healthy (last seq: 14221420000)
[2025-10-11 03:58:03] ✅ STG firehose healthy (last seq: 14221420000)
[2025-10-11 03:58:03] ✅ All services healthy
[2025-10-11 04:03:03] === Starting Firehose Health Check ===
[2025-10-11 04:03:03] ✅ DEV firehose healthy (last seq: 14221513000)
[2025-10-11 04:03:03] ✅ STG firehose healthy (last seq: 14221513000)
[2025-10-11 04:03:03] ✅ All services healthy
[2025-10-11 04:08:03] === Starting Firehose Health Check ===
[2025-10-11 04:08:03] ✅ DEV firehose healthy (last seq: 14221602000)
[2025-10-11 04:08:03] ✅ STG firehose healthy (last seq: 14221602000)
[2025-10-11 04:08:03] ✅ All services healthy
[2025-10-11 04:13:03] === Starting Firehose Health Check ===
[2025-10-11 04:13:03] ✅ DEV firehose healthy (last seq: 14221696000)
[2025-10-11 04:13:03] ✅ STG firehose healthy (last seq: 14221696000)
[2025-10-11 04:13:03] ✅ All services healthy
[2025-10-11 04:18:03] === Starting Firehose Health Check ===
[2025-10-11 04:18:03] ✅ DEV firehose healthy (last seq: 14221785000)
[2025-10-11 04:18:03] ✅ STG firehose healthy (last seq: 14221786000)
[2025-10-11 04:18:03] ✅ All services healthy
[2025-10-11 04:23:03] === Starting Firehose Health Check ===
[2025-10-11 04:23:03] ✅ DEV firehose healthy (last seq: 14221877000)
[2025-10-11 04:23:03] ✅ STG firehose healthy (last seq: 14221877000)
[2025-10-11 04:23:03] ✅ All services healthy
[2025-10-11 04:28:03] === Starting Firehose Health Check ===
[2025-10-11 04:28:03] ✅ DEV firehose healthy (last seq: 14221965000)
[2025-10-11 04:28:03] ✅ STG firehose healthy (last seq: 14221965000)
[2025-10-11 04:28:03] ✅ All services healthy
[2025-10-11 04:33:03] === Starting Firehose Health Check ===
[2025-10-11 04:33:03] ✅ DEV firehose healthy (last seq: 14222053000)
[2025-10-11 04:33:03] ✅ STG firehose healthy (last seq: 14222053000)
[2025-10-11 04:33:03] ✅ All services healthy
[2025-10-11 04:38:03] === Starting Firehose Health Check ===
[2025-10-11 04:38:03] ✅ DEV firehose healthy (last seq: 14222142000)
[2025-10-11 04:38:03] ✅ STG firehose healthy (last seq: 14222142000)
[2025-10-11 04:38:03] ✅ All services healthy
[2025-10-11 04:43:03] === Starting Firehose Health Check ===
[2025-10-11 04:43:03] ✅ DEV firehose healthy (last seq: 14222229000)
[2025-10-11 04:43:03] ✅ STG firehose healthy (last seq: 14222229000)
[2025-10-11 04:43:03] ✅ All services healthy
[2025-10-11 04:48:03] === Starting Firehose Health Check ===
[2025-10-11 04:48:03] ✅ DEV firehose healthy (last seq: 14222317000)
[2025-10-11 04:48:03] ✅ STG firehose healthy (last seq: 14222317000)
[2025-10-11 04:48:03] ✅ All services healthy
[2025-10-11 04:53:03] === Starting Firehose Health Check ===
[2025-10-11 04:53:03] ✅ DEV firehose healthy (last seq: 14222405000)
[2025-10-11 04:53:03] ✅ STG firehose healthy (last seq: 14222405000)
[2025-10-11 04:53:03] ✅ All services healthy
[2025-10-11 04:58:03] === Starting Firehose Health Check ===
[2025-10-11 04:58:03] ✅ DEV firehose healthy (last seq: 14222497000)
[2025-10-11 04:58:03] ✅ STG firehose healthy (last seq: 14222497000)
[2025-10-11 04:58:03] ✅ All services healthy
[2025-10-11 05:03:03] === Starting Firehose Health Check ===
[2025-10-11 05:03:03] ✅ DEV firehose healthy (last seq: 14222588000)
[2025-10-11 05:03:03] ✅ STG firehose healthy (last seq: 14222588000)
[2025-10-11 05:03:03] ✅ All services healthy
[2025-10-11 05:08:03] === Starting Firehose Health Check ===
[2025-10-11 05:08:03] ✅ DEV firehose healthy (last seq: 14222671000)
[2025-10-11 05:08:03] ✅ STG firehose healthy (last seq: 14222671000)
[2025-10-11 05:08:03] ✅ All services healthy
[2025-10-11 05:13:03] === Starting Firehose Health Check ===
[2025-10-11 05:13:03] ✅ DEV firehose healthy (last seq: 14222770000)
[2025-10-11 05:13:03] ✅ STG firehose healthy (last seq: 14222770000)
[2025-10-11 05:13:03] ✅ All services healthy
[2025-10-11 05:18:03] === Starting Firehose Health Check ===
[2025-10-11 05:18:03] ✅ DEV firehose healthy (last seq: 14222861000)
[2025-10-11 05:18:03] ✅ STG firehose healthy (last seq: 14222861000)
[2025-10-11 05:18:03] ✅ All services healthy
[2025-10-11 05:23:03] === Starting Firehose Health Check ===
[2025-10-11 05:23:03] ✅ DEV firehose healthy (last seq: 14222948000)
[2025-10-11 05:23:03] ✅ STG firehose healthy (last seq: 14222948000)
[2025-10-11 05:23:03] ✅ All services healthy
[2025-10-11 05:28:03] === Starting Firehose Health Check ===
[2025-10-11 05:28:03] ✅ DEV firehose healthy (last seq: 14223030000)
[2025-10-11 05:28:03] ✅ STG firehose healthy (last seq: 14223030000)
[2025-10-11 05:28:03] ✅ All services healthy
[2025-10-11 05:33:03] === Starting Firehose Health Check ===
[2025-10-11 05:33:03] ✅ DEV firehose healthy (last seq: 14223111000)
[2025-10-11 05:33:03] ✅ STG firehose healthy (last seq: 14223111000)
[2025-10-11 05:33:03] ✅ All services healthy
[2025-10-11 05:38:03] === Starting Firehose Health Check ===
[2025-10-11 05:38:03] ✅ DEV firehose healthy (last seq: 14223191000)
[2025-10-11 05:38:03] ✅ STG firehose healthy (last seq: 14223191000)
[2025-10-11 05:38:03] ✅ All services healthy
[2025-10-11 05:43:03] === Starting Firehose Health Check ===
[2025-10-11 05:43:03] ✅ DEV firehose healthy (last seq: 14223269000)
[2025-10-11 05:43:03] ✅ STG firehose healthy (last seq: 14223269000)
[2025-10-11 05:43:03] ✅ All services healthy
[2025-10-11 05:48:03] === Starting Firehose Health Check ===
[2025-10-11 05:48:03] ✅ DEV firehose healthy (last seq: 14223346000)
[2025-10-11 05:48:03] ✅ STG firehose healthy (last seq: 14223346000)
[2025-10-11 05:48:03] ✅ All services healthy
[2025-10-11 05:53:03] === Starting Firehose Health Check ===
[2025-10-11 05:53:03] ✅ DEV firehose healthy (last seq: 14223421000)
[2025-10-11 05:53:03] ✅ STG firehose healthy (last seq: 14223421000)
[2025-10-11 05:53:03] ✅ All services healthy
[2025-10-11 05:58:03] === Starting Firehose Health Check ===
[2025-10-11 05:58:03] ✅ DEV firehose healthy (last seq: 14223494000)
[2025-10-11 05:58:04] ✅ STG firehose healthy (last seq: 14223494000)
[2025-10-11 05:58:04] ✅ All services healthy
[2025-10-11 06:03:03] === Starting Firehose Health Check ===
[2025-10-11 06:03:03] ✅ DEV firehose healthy (last seq: 14223569000)
[2025-10-11 06:03:04] ✅ STG firehose healthy (last seq: 14223569000)
[2025-10-11 06:03:04] ✅ All services healthy
[2025-10-11 06:08:03] === Starting Firehose Health Check ===
[2025-10-11 06:08:04] ✅ DEV firehose healthy (last seq: 14223642000)
[2025-10-11 06:08:04] ✅ STG firehose healthy (last seq: 14223642000)
[2025-10-11 06:08:04] ✅ All services healthy
[2025-10-11 06:13:04] === Starting Firehose Health Check ===
[2025-10-11 06:13:04] ✅ DEV firehose healthy (last seq: 14223715000)
[2025-10-11 06:13:04] ✅ STG firehose healthy (last seq: 14223715000)
[2025-10-11 06:13:04] ✅ All services healthy
[2025-10-11 06:18:04] === Starting Firehose Health Check ===
[2025-10-11 06:18:04] ✅ DEV firehose healthy (last seq: 14223787000)
[2025-10-11 06:18:04] ✅ STG firehose healthy (last seq: 14223787000)
[2025-10-11 06:18:04] ✅ All services healthy
[2025-10-11 06:23:04] === Starting Firehose Health Check ===
[2025-10-11 06:23:04] ✅ DEV firehose healthy (last seq: 14223859000)
[2025-10-11 06:23:04] ✅ STG firehose healthy (last seq: 14223859000)
[2025-10-11 06:23:04] ✅ All services healthy
[2025-10-11 06:28:04] === Starting Firehose Health Check ===
[2025-10-11 06:28:04] ✅ DEV firehose healthy (last seq: 14223931000)
[2025-10-11 06:28:04] ✅ STG firehose healthy (last seq: 14223931000)
[2025-10-11 06:28:04] ✅ All services healthy
[2025-10-11 06:33:04] === Starting Firehose Health Check ===
[2025-10-11 06:33:04] ✅ DEV firehose healthy (last seq: 14224004000)
[2025-10-11 06:33:04] ✅ STG firehose healthy (last seq: 14224004000)
[2025-10-11 06:33:04] ✅ All services healthy
[2025-10-11 06:38:04] === Starting Firehose Health Check ===
[2025-10-11 06:38:04] ✅ DEV firehose healthy (last seq: 14224079000)
[2025-10-11 06:38:04] ✅ STG firehose healthy (last seq: 14224079000)
[2025-10-11 06:38:04] ✅ All services healthy
[2025-10-11 06:43:04] === Starting Firehose Health Check ===
[2025-10-11 06:43:04] ✅ DEV firehose healthy (last seq: 14224151000)
[2025-10-11 06:43:04] ✅ STG firehose healthy (last seq: 14224151000)
[2025-10-11 06:43:04] ✅ All services healthy
[2025-10-11 06:48:04] === Starting Firehose Health Check ===
[2025-10-11 06:48:04] ✅ DEV firehose healthy (last seq: 14224221000)
[2025-10-11 06:48:04] ✅ STG firehose healthy (last seq: 14224221000)
[2025-10-11 06:48:04] ✅ All services healthy
[2025-10-11 06:53:04] === Starting Firehose Health Check ===
[2025-10-11 06:53:04] ✅ DEV firehose healthy (last seq: 14224294000)
[2025-10-11 06:53:04] ✅ STG firehose healthy (last seq: 14224294000)
[2025-10-11 06:53:04] ✅ All services healthy
[2025-10-11 06:58:04] === Starting Firehose Health Check ===
[2025-10-11 06:58:04] ✅ DEV firehose healthy (last seq: 14224364000)
[2025-10-11 06:58:04] ✅ STG firehose healthy (last seq: 14224364000)
[2025-10-11 06:58:04] ✅ All services healthy
[2025-10-11 07:03:04] === Starting Firehose Health Check ===
[2025-10-11 07:03:04] ✅ DEV firehose healthy (last seq: 14224436000)
[2025-10-11 07:03:04] ✅ STG firehose healthy (last seq: 14224436000)
[2025-10-11 07:03:04] ✅ All services healthy
[2025-10-11 07:08:04] === Starting Firehose Health Check ===
[2025-10-11 07:08:04] ✅ DEV firehose healthy (last seq: 14224509000)
[2025-10-11 07:08:04] ✅ STG firehose healthy (last seq: 14224509000)
[2025-10-11 07:08:04] ✅ All services healthy
[2025-10-11 07:13:04] === Starting Firehose Health Check ===
[2025-10-11 07:13:04] ✅ DEV firehose healthy (last seq: 14224580000)
[2025-10-11 07:13:04] ✅ STG firehose healthy (last seq: 14224580000)
[2025-10-11 07:13:04] ✅ All services healthy
[2025-10-11 07:18:04] === Starting Firehose Health Check ===
[2025-10-11 07:18:04] ✅ DEV firehose healthy (last seq: 14224652000)
[2025-10-11 07:18:04] ✅ STG firehose healthy (last seq: 14224652000)
[2025-10-11 07:18:04] ✅ All services healthy
[2025-10-11 07:23:04] === Starting Firehose Health Check ===
[2025-10-11 07:23:04] ✅ DEV firehose healthy (last seq: 14224722000)
[2025-10-11 07:23:04] ✅ STG firehose healthy (last seq: 14224722000)
[2025-10-11 07:23:04] ✅ All services healthy
[2025-10-11 07:28:04] === Starting Firehose Health Check ===
[2025-10-11 07:28:04] ✅ DEV firehose healthy (last seq: 14224793000)
[2025-10-11 07:28:04] ✅ STG firehose healthy (last seq: 14224793000)
[2025-10-11 07:28:04] ✅ All services healthy
[2025-10-11 07:33:04] === Starting Firehose Health Check ===
[2025-10-11 07:33:04] ✅ DEV firehose healthy (last seq: 14224864000)
[2025-10-11 07:33:04] ✅ STG firehose healthy (last seq: 14224864000)
[2025-10-11 07:33:04] ✅ All services healthy
[2025-10-11 07:38:04] === Starting Firehose Health Check ===
[2025-10-11 07:38:04] ✅ DEV firehose healthy (last seq: 14224934000)
[2025-10-11 07:38:04] ✅ STG firehose healthy (last seq: 14224934000)
[2025-10-11 07:38:04] ✅ All services healthy
[2025-10-11 07:43:04] === Starting Firehose Health Check ===
[2025-10-11 07:43:04] ✅ DEV firehose healthy (last seq: 14225007000)
[2025-10-11 07:43:04] ✅ STG firehose healthy (last seq: 14225007000)
[2025-10-11 07:43:04] ✅ All services healthy
[2025-10-11 07:48:04] === Starting Firehose Health Check ===
[2025-10-11 07:48:04] ✅ DEV firehose healthy (last seq: 14225078000)
[2025-10-11 07:48:04] ✅ STG firehose healthy (last seq: 14225078000)
[2025-10-11 07:48:04] ✅ All services healthy
[2025-10-11 07:53:04] === Starting Firehose Health Check ===
[2025-10-11 07:53:04] ✅ DEV firehose healthy (last seq: 14225146000)
[2025-10-11 07:53:04] ✅ STG firehose healthy (last seq: 14225146000)
[2025-10-11 07:53:04] ✅ All services healthy
[2025-10-11 07:58:04] === Starting Firehose Health Check ===
[2025-10-11 07:58:04] ✅ DEV firehose healthy (last seq: 14225212000)
[2025-10-11 07:58:04] ✅ STG firehose healthy (last seq: 14225212000)
[2025-10-11 07:58:04] ✅ All services healthy
[2025-10-11 08:03:04] === Starting Firehose Health Check ===
[2025-10-11 08:03:04] ✅ DEV firehose healthy (last seq: 14225280000)
[2025-10-11 08:03:04] ✅ STG firehose healthy (last seq: 14225280000)
[2025-10-11 08:03:04] ✅ All services healthy
[2025-10-11 08:08:04] === Starting Firehose Health Check ===
[2025-10-11 08:08:04] ✅ DEV firehose healthy (last seq: 14225345000)
[2025-10-11 08:08:04] ✅ STG firehose healthy (last seq: 14225345000)
[2025-10-11 08:08:04] ✅ All services healthy
[2025-10-11 08:13:04] === Starting Firehose Health Check ===
[2025-10-11 08:13:04] ✅ DEV firehose healthy (last seq: 14225411000)
[2025-10-11 08:13:04] ✅ STG firehose healthy (last seq: 14225411000)
[2025-10-11 08:13:04] ✅ All services healthy
[2025-10-11 08:18:04] === Starting Firehose Health Check ===
[2025-10-11 08:18:04] ✅ DEV firehose healthy (last seq: 14225476000)
[2025-10-11 08:18:04] ✅ STG firehose healthy (last seq: 14225476000)
[2025-10-11 08:18:04] ✅ All services healthy
[2025-10-11 08:23:04] === Starting Firehose Health Check ===
[2025-10-11 08:23:04] ✅ DEV firehose healthy (last seq: 14225541000)
[2025-10-11 08:23:04] ✅ STG firehose healthy (last seq: 14225541000)
[2025-10-11 08:23:04] ✅ All services healthy
[2025-10-11 08:28:04] === Starting Firehose Health Check ===
[2025-10-11 08:28:04] ✅ DEV firehose healthy (last seq: 14225607000)
[2025-10-11 08:28:04] ✅ STG firehose healthy (last seq: 14225607000)
[2025-10-11 08:28:04] ✅ All services healthy
[2025-10-11 08:33:04] === Starting Firehose Health Check ===
[2025-10-11 08:33:04] ✅ DEV firehose healthy (last seq: 14225674000)
[2025-10-11 08:33:04] ✅ STG firehose healthy (last seq: 14225674000)
[2025-10-11 08:33:04] ✅ All services healthy
[2025-10-11 08:38:04] === Starting Firehose Health Check ===
[2025-10-11 08:38:04] ✅ DEV firehose healthy (last seq: 14225740000)
[2025-10-11 08:38:05] ✅ STG firehose healthy (last seq: 14225740000)
[2025-10-11 08:38:05] ✅ All services healthy
[2025-10-11 08:43:04] === Starting Firehose Health Check ===
[2025-10-11 08:43:04] ✅ DEV firehose healthy (last seq: 14225807000)
[2025-10-11 08:43:05] ✅ STG firehose healthy (last seq: 14225807000)
[2025-10-11 08:43:05] ✅ All services healthy
[2025-10-11 08:48:04] === Starting Firehose Health Check ===
[2025-10-11 08:48:05] ✅ DEV firehose healthy (last seq: 14225875000)
[2025-10-11 08:48:05] ✅ STG firehose healthy (last seq: 14225875000)
[2025-10-11 08:48:05] ✅ All services healthy
[2025-10-11 08:53:05] === Starting Firehose Health Check ===
[2025-10-11 08:53:05] ✅ DEV firehose healthy (last seq: 14225944000)
[2025-10-11 08:53:05] ✅ STG firehose healthy (last seq: 14225944000)
[2025-10-11 08:53:05] ✅ All services healthy
[2025-10-11 08:58:05] === Starting Firehose Health Check ===
[2025-10-11 08:58:05] ✅ DEV firehose healthy (last seq: 14226010000)
[2025-10-11 08:58:05] ✅ STG firehose healthy (last seq: 14226010000)
[2025-10-11 08:58:05] ✅ All services healthy
[2025-10-11 09:03:05] === Starting Firehose Health Check ===
[2025-10-11 09:03:05] ✅ DEV firehose healthy (last seq: 14226078000)
[2025-10-11 09:03:05] ✅ STG firehose healthy (last seq: 14226078000)
[2025-10-11 09:03:05] ✅ All services healthy
[2025-10-11 09:08:05] === Starting Firehose Health Check ===
[2025-10-11 09:08:05] ✅ DEV firehose healthy (last seq: 14226143000)
[2025-10-11 09:08:05] ✅ STG firehose healthy (last seq: 14226143000)
[2025-10-11 09:08:05] ✅ All services healthy
[2025-10-11 09:13:05] === Starting Firehose Health Check ===
[2025-10-11 09:13:05] ✅ DEV firehose healthy (last seq: 14226208000)
[2025-10-11 09:13:05] ✅ STG firehose healthy (last seq: 14226208000)
[2025-10-11 09:13:05] ✅ All services healthy
[2025-10-11 09:18:05] === Starting Firehose Health Check ===
[2025-10-11 09:18:05] ✅ DEV firehose healthy (last seq: 14226273000)
[2025-10-11 09:18:05] ✅ STG firehose healthy (last seq: 14226273000)
[2025-10-11 09:18:05] ✅ All services healthy
[2025-10-11 09:23:05] === Starting Firehose Health Check ===
[2025-10-11 09:23:05] ✅ DEV firehose healthy (last seq: 14226339000)
[2025-10-11 09:23:05] ✅ STG firehose healthy (last seq: 14226339000)
[2025-10-11 09:23:05] ✅ All services healthy
[2025-10-11 09:28:05] === Starting Firehose Health Check ===
[2025-10-11 09:28:05] ✅ DEV firehose healthy (last seq: 14226405000)
[2025-10-11 09:28:05] ✅ STG firehose healthy (last seq: 14226405000)
[2025-10-11 09:28:05] ✅ All services healthy
[2025-10-11 09:33:05] === Starting Firehose Health Check ===
[2025-10-11 09:33:05] ✅ DEV firehose healthy (last seq: 14226473000)
[2025-10-11 09:33:05] ✅ STG firehose healthy (last seq: 14226473000)
[2025-10-11 09:33:05] ✅ All services healthy
[2025-10-11 09:38:05] === Starting Firehose Health Check ===
[2025-10-11 09:38:05] ✅ DEV firehose healthy (last seq: 14226538000)
[2025-10-11 09:38:05] ✅ STG firehose healthy (last seq: 14226538000)
[2025-10-11 09:38:05] ✅ All services healthy
[2025-10-11 09:43:05] === Starting Firehose Health Check ===
[2025-10-11 09:43:05] ✅ DEV firehose healthy (last seq: 14226605000)
[2025-10-11 09:43:05] ✅ STG firehose healthy (last seq: 14226605000)
[2025-10-11 09:43:05] ✅ All services healthy
[2025-10-11 09:48:05] === Starting Firehose Health Check ===
[2025-10-11 09:48:05] ✅ DEV firehose healthy (last seq: 14226673000)
[2025-10-11 09:48:05] ✅ STG firehose healthy (last seq: 14226673000)
[2025-10-11 09:48:05] ✅ All services healthy
[2025-10-11 09:53:05] === Starting Firehose Health Check ===
[2025-10-11 09:53:05] ✅ DEV firehose healthy (last seq: 14226741000)
[2025-10-11 09:53:05] ✅ STG firehose healthy (last seq: 14226741000)
[2025-10-11 09:53:05] ✅ All services healthy
[2025-10-11 09:58:05] === Starting Firehose Health Check ===
[2025-10-11 09:58:05] ✅ DEV firehose healthy (last seq: 14226808000)
[2025-10-11 09:58:05] ✅ STG firehose healthy (last seq: 14226808000)
[2025-10-11 09:58:05] ✅ All services healthy
[2025-10-11 10:03:05] === Starting Firehose Health Check ===
[2025-10-11 10:03:05] ✅ DEV firehose healthy (last seq: 14226878000)
[2025-10-11 10:03:05] ✅ STG firehose healthy (last seq: 14226878000)
[2025-10-11 10:03:05] ✅ All services healthy
[2025-10-11 10:08:05] === Starting Firehose Health Check ===
[2025-10-11 10:08:05] ✅ DEV firehose healthy (last seq: 14226946000)
[2025-10-11 10:08:05] ✅ STG firehose healthy (last seq: 14226946000)
[2025-10-11 10:08:05] ✅ All services healthy
[2025-10-11 10:13:05] === Starting Firehose Health Check ===
[2025-10-11 10:13:05] ✅ DEV firehose healthy (last seq: 14227014000)
[2025-10-11 10:13:05] ✅ STG firehose healthy (last seq: 14227014000)
[2025-10-11 10:13:05] ✅ All services healthy
[2025-10-11 10:18:05] === Starting Firehose Health Check ===
[2025-10-11 10:18:05] ✅ DEV firehose healthy (last seq: 14227082000)
[2025-10-11 10:18:05] ✅ STG firehose healthy (last seq: 14227082000)
[2025-10-11 10:18:05] ✅ All services healthy
[2025-10-11 10:23:05] === Starting Firehose Health Check ===
[2025-10-11 10:23:05] ✅ DEV firehose healthy (last seq: 14227150000)
[2025-10-11 10:23:05] ✅ STG firehose healthy (last seq: 14227150000)
[2025-10-11 10:23:05] ✅ All services healthy
[2025-10-11 10:28:05] === Starting Firehose Health Check ===
[2025-10-11 10:28:05] ✅ DEV firehose healthy (last seq: 14227218000)
[2025-10-11 10:28:05] ✅ STG firehose healthy (last seq: 14227218000)
[2025-10-11 10:28:05] ✅ All services healthy
[2025-10-11 10:33:05] === Starting Firehose Health Check ===
[2025-10-11 10:33:05] ✅ DEV firehose healthy (last seq: 14227287000)
[2025-10-11 10:33:05] ✅ STG firehose healthy (last seq: 14227287000)
[2025-10-11 10:33:05] ✅ All services healthy
[2025-10-11 10:38:05] === Starting Firehose Health Check ===
[2025-10-11 10:38:05] ✅ DEV firehose healthy (last seq: 14227358000)
[2025-10-11 10:38:05] ✅ STG firehose healthy (last seq: 14227358000)
[2025-10-11 10:38:05] ✅ All services healthy
[2025-10-11 10:43:05] === Starting Firehose Health Check ===
[2025-10-11 10:43:05] ✅ DEV firehose healthy (last seq: 14227427000)
[2025-10-11 10:43:05] ✅ STG firehose healthy (last seq: 14227427000)
[2025-10-11 10:43:05] ✅ All services healthy
[2025-10-11 10:48:05] === Starting Firehose Health Check ===
[2025-10-11 10:48:05] ✅ DEV firehose healthy (last seq: 14227498000)
[2025-10-11 10:48:05] ✅ STG firehose healthy (last seq: 14227498000)
[2025-10-11 10:48:05] ✅ All services healthy
[2025-10-11 10:53:05] === Starting Firehose Health Check ===
[2025-10-11 10:53:05] ✅ DEV firehose healthy (last seq: 14227569000)
[2025-10-11 10:53:05] ✅ STG firehose healthy (last seq: 14227569000)
[2025-10-11 10:53:05] ✅ All services healthy
[2025-10-11 10:58:05] === Starting Firehose Health Check ===
[2025-10-11 10:58:05] ✅ DEV firehose healthy (last seq: 14227643000)
[2025-10-11 10:58:05] ✅ STG firehose healthy (last seq: 14227644000)
[2025-10-11 10:58:05] ✅ All services healthy
[2025-10-11 11:03:05] === Starting Firehose Health Check ===
[2025-10-11 11:03:05] ✅ DEV firehose healthy (last seq: 14227721000)
[2025-10-11 11:03:05] ✅ STG firehose healthy (last seq: 14227721000)
[2025-10-11 11:03:05] ✅ All services healthy
[2025-10-11 11:08:05] === Starting Firehose Health Check ===
[2025-10-11 11:08:05] ✅ DEV firehose healthy (last seq: 14227799000)
[2025-10-11 11:08:05] ✅ STG firehose healthy (last seq: 14227799000)
[2025-10-11 11:08:05] ✅ All services healthy
[2025-10-11 11:13:05] === Starting Firehose Health Check ===
[2025-10-11 11:13:05] ✅ DEV firehose healthy (last seq: 14227878000)
[2025-10-11 11:13:05] ✅ STG firehose healthy (last seq: 14227878000)
[2025-10-11 11:13:05] ✅ All services healthy
[2025-10-11 11:18:05] === Starting Firehose Health Check ===
[2025-10-11 11:18:05] ✅ DEV firehose healthy (last seq: 14227957000)
[2025-10-11 11:18:05] ✅ STG firehose healthy (last seq: 14227957000)
[2025-10-11 11:18:06] ✅ All services healthy
[2025-10-11 11:23:05] === Starting Firehose Health Check ===
[2025-10-11 11:23:05] ✅ DEV firehose healthy (last seq: 14228036000)
[2025-10-11 11:23:06] ✅ STG firehose healthy (last seq: 14228036000)
[2025-10-11 11:23:06] ✅ All services healthy
[2025-10-11 11:28:05] === Starting Firehose Health Check ===
[2025-10-11 11:28:06] ✅ DEV firehose healthy (last seq: 14228118000)
[2025-10-11 11:28:06] ✅ STG firehose healthy (last seq: 14228118000)
[2025-10-11 11:28:06] ✅ All services healthy
[2025-10-11 11:33:06] === Starting Firehose Health Check ===
[2025-10-11 11:33:06] ✅ DEV firehose healthy (last seq: 14228201000)
[2025-10-11 11:33:06] ✅ STG firehose healthy (last seq: 14228201000)
[2025-10-11 11:33:06] ✅ All services healthy
[2025-10-11 11:38:06] === Starting Firehose Health Check ===
[2025-10-11 11:38:06] ✅ DEV firehose healthy (last seq: 14228284000)
[2025-10-11 11:38:06] ✅ STG firehose healthy (last seq: 14228284000)
[2025-10-11 11:38:06] ✅ All services healthy
[2025-10-11 11:43:06] === Starting Firehose Health Check ===
[2025-10-11 11:43:06] ✅ DEV firehose healthy (last seq: 14228367000)
[2025-10-11 11:43:06] ✅ STG firehose healthy (last seq: 14228367000)
[2025-10-11 11:43:06] ✅ All services healthy
[2025-10-11 11:48:06] === Starting Firehose Health Check ===
[2025-10-11 11:48:06] ✅ DEV firehose healthy (last seq: 14228454000)
[2025-10-11 11:48:06] ✅ STG firehose healthy (last seq: 14228454000)
[2025-10-11 11:48:06] ✅ All services healthy
[2025-10-11 11:53:06] === Starting Firehose Health Check ===
[2025-10-11 11:53:06] ✅ DEV firehose healthy (last seq: 14228542000)
[2025-10-11 11:53:06] ✅ STG firehose healthy (last seq: 14228542000)
[2025-10-11 11:53:06] ✅ All services healthy
[2025-10-11 11:58:06] === Starting Firehose Health Check ===
[2025-10-11 11:58:06] ✅ DEV firehose healthy (last seq: 14228630000)
[2025-10-11 11:58:06] ✅ STG firehose healthy (last seq: 14228630000)
[2025-10-11 11:58:06] ✅ All services healthy
[2025-10-11 12:03:06] === Starting Firehose Health Check ===
[2025-10-11 12:03:06] ✅ DEV firehose healthy (last seq: 14228724000)
[2025-10-11 12:03:06] ✅ STG firehose healthy (last seq: 14228724000)
[2025-10-11 12:03:06] ✅ All services healthy
[2025-10-11 12:08:06] === Starting Firehose Health Check ===
[2025-10-11 12:08:06] ✅ DEV firehose healthy (last seq: 14228819000)
[2025-10-11 12:08:06] ✅ STG firehose healthy (last seq: 14228819000)
[2025-10-11 12:08:06] ✅ All services healthy
[2025-10-11 12:13:06] === Starting Firehose Health Check ===
[2025-10-11 12:13:06] ✅ DEV firehose healthy (last seq: 14228915000)
[2025-10-11 12:13:06] ✅ STG firehose healthy (last seq: 14228915000)
[2025-10-11 12:13:06] ✅ All services healthy
[2025-10-11 12:18:06] === Starting Firehose Health Check ===
[2025-10-11 12:18:06] ✅ DEV firehose healthy (last seq: 14229011000)
[2025-10-11 12:18:06] ✅ STG firehose healthy (last seq: 14229011000)
[2025-10-11 12:18:06] ✅ All services healthy
[2025-10-11 12:23:06] === Starting Firehose Health Check ===
[2025-10-11 12:23:06] ✅ DEV firehose healthy (last seq: 14229107000)
[2025-10-11 12:23:06] ✅ STG firehose healthy (last seq: 14229107000)
[2025-10-11 12:23:06] ✅ All services healthy
[2025-10-11 12:28:06] === Starting Firehose Health Check ===
[2025-10-11 12:28:06] ✅ DEV firehose healthy (last seq: 14229207000)
[2025-10-11 12:28:06] ✅ STG firehose healthy (last seq: 14229207000)
[2025-10-11 12:28:06] ✅ All services healthy
[2025-10-11 12:33:06] === Starting Firehose Health Check ===
[2025-10-11 12:33:06] ✅ DEV firehose healthy (last seq: 14229307000)
[2025-10-11 12:33:06] ✅ STG firehose healthy (last seq: 14229307000)
[2025-10-11 12:33:06] ✅ All services healthy
[2025-10-11 12:38:06] === Starting Firehose Health Check ===
[2025-10-11 12:38:06] ✅ DEV firehose healthy (last seq: 14229409000)
[2025-10-11 12:38:06] ✅ STG firehose healthy (last seq: 14229409000)
[2025-10-11 12:38:06] ✅ All services healthy
[2025-10-11 12:43:06] === Starting Firehose Health Check ===
[2025-10-11 12:43:06] ✅ DEV firehose healthy (last seq: 14229512000)
[2025-10-11 12:43:06] ✅ STG firehose healthy (last seq: 14229512000)
[2025-10-11 12:43:06] ✅ All services healthy
[2025-10-11 12:48:06] === Starting Firehose Health Check ===
[2025-10-11 12:48:06] ✅ DEV firehose healthy (last seq: 14229618000)
[2025-10-11 12:48:06] ✅ STG firehose healthy (last seq: 14229618000)
[2025-10-11 12:48:06] ✅ All services healthy
[2025-10-11 12:53:06] === Starting Firehose Health Check ===
[2025-10-11 12:53:06] ✅ DEV firehose healthy (last seq: 14229722000)
[2025-10-11 12:53:06] ✅ STG firehose healthy (last seq: 14229722000)
[2025-10-11 12:53:06] ✅ All services healthy
[2025-10-11 12:58:06] === Starting Firehose Health Check ===
[2025-10-11 12:58:06] ✅ DEV firehose healthy (last seq: 14229828000)
[2025-10-11 12:58:06] ✅ STG firehose healthy (last seq: 14229828000)
[2025-10-11 12:58:06] ✅ All services healthy
[2025-10-11 13:03:06] === Starting Firehose Health Check ===
[2025-10-11 13:03:06] ✅ DEV firehose healthy (last seq: 14229938000)
[2025-10-11 13:03:06] ✅ STG firehose healthy (last seq: 14229938000)
[2025-10-11 13:03:06] ✅ All services healthy
[2025-10-11 13:08:06] === Starting Firehose Health Check ===
[2025-10-11 13:08:06] ✅ DEV firehose healthy (last seq: 14230049000)
[2025-10-11 13:08:06] ✅ STG firehose healthy (last seq: 14230049000)
[2025-10-11 13:08:06] ✅ All services healthy
[2025-10-11 13:13:06] === Starting Firehose Health Check ===
[2025-10-11 13:13:06] ✅ DEV firehose healthy (last seq: 14230159000)
[2025-10-11 13:13:06] ✅ STG firehose healthy (last seq: 14230159000)
[2025-10-11 13:13:06] ✅ All services healthy
[2025-10-11 13:18:06] === Starting Firehose Health Check ===
[2025-10-11 13:18:06] ✅ DEV firehose healthy (last seq: 14230271000)
[2025-10-11 13:18:06] ✅ STG firehose healthy (last seq: 14230271000)
[2025-10-11 13:18:06] ✅ All services healthy
[2025-10-11 13:23:06] === Starting Firehose Health Check ===
[2025-10-11 13:23:06] ✅ DEV firehose healthy (last seq: 14230386000)
[2025-10-11 13:23:06] ✅ STG firehose healthy (last seq: 14230386000)
[2025-10-11 13:23:06] ✅ All services healthy
[2025-10-11 13:28:06] === Starting Firehose Health Check ===
[2025-10-11 13:28:06] ✅ DEV firehose healthy (last seq: 14230501000)
[2025-10-11 13:28:06] ✅ STG firehose healthy (last seq: 14230501000)
[2025-10-11 13:28:06] ✅ All services healthy
[2025-10-11 13:33:06] === Starting Firehose Health Check ===
[2025-10-11 13:33:06] ✅ DEV firehose healthy (last seq: 14230614000)
[2025-10-11 13:33:06] ✅ STG firehose healthy (last seq: 14230614000)
[2025-10-11 13:33:06] ✅ All services healthy
[2025-10-11 13:38:06] === Starting Firehose Health Check ===
[2025-10-11 13:38:06] ✅ DEV firehose healthy (last seq: 14230729000)
[2025-10-11 13:38:06] ✅ STG firehose healthy (last seq: 14230729000)
[2025-10-11 13:38:06] ✅ All services healthy
[2025-10-11 13:43:06] === Starting Firehose Health Check ===
[2025-10-11 13:43:06] ✅ DEV firehose healthy (last seq: 14230844000)
[2025-10-11 13:43:06] ✅ STG firehose healthy (last seq: 14230844000)
[2025-10-11 13:43:06] ✅ All services healthy
[2025-10-11 13:48:06] === Starting Firehose Health Check ===
[2025-10-11 13:48:06] ✅ DEV firehose healthy (last seq: 14230963000)
[2025-10-11 13:48:06] ✅ STG firehose healthy (last seq: 14230963000)
[2025-10-11 13:48:06] ✅ All services healthy
[2025-10-11 13:53:06] === Starting Firehose Health Check ===
[2025-10-11 13:53:06] ✅ DEV firehose healthy (last seq: 14231084000)
[2025-10-11 13:53:06] ✅ STG firehose healthy (last seq: 14231084000)
[2025-10-11 13:53:06] ✅ All services healthy
[2025-10-11 13:58:06] === Starting Firehose Health Check ===
[2025-10-11 13:58:06] ✅ DEV firehose healthy (last seq: 14231204000)
[2025-10-11 13:58:07] ✅ STG firehose healthy (last seq: 14231204000)
[2025-10-11 13:58:07] ✅ All services healthy
[2025-10-11 14:03:06] === Starting Firehose Health Check ===
[2025-10-11 14:03:06] ✅ DEV firehose healthy (last seq: 14231331000)
[2025-10-11 14:03:07] ✅ STG firehose healthy (last seq: 14231331000)
[2025-10-11 14:03:07] ✅ All services healthy
[2025-10-11 14:08:06] === Starting Firehose Health Check ===
[2025-10-11 14:08:06] ✅ DEV firehose healthy (last seq: 14231452000)
[2025-10-11 14:08:07] ✅ STG firehose healthy (last seq: 14231452000)
[2025-10-11 14:08:07] ✅ All services healthy
[2025-10-11 14:13:06] === Starting Firehose Health Check ===
[2025-10-11 14:13:07] ✅ DEV firehose healthy (last seq: 14231574000)
[2025-10-11 14:13:07] ✅ STG firehose healthy (last seq: 14231574000)
[2025-10-11 14:13:07] ✅ All services healthy
[2025-10-11 14:18:07] === Starting Firehose Health Check ===
[2025-10-11 14:18:07] ✅ DEV firehose healthy (last seq: 14231697000)
[2025-10-11 14:18:07] ✅ STG firehose healthy (last seq: 14231697000)
[2025-10-11 14:18:07] ✅ All services healthy
[2025-10-11 14:23:07] === Starting Firehose Health Check ===
[2025-10-11 14:23:07] ✅ DEV firehose healthy (last seq: 14231822000)
[2025-10-11 14:23:07] ✅ STG firehose healthy (last seq: 14231822000)
[2025-10-11 14:23:07] ✅ All services healthy
[2025-10-11 14:28:07] === Starting Firehose Health Check ===
[2025-10-11 14:28:07] ✅ DEV firehose healthy (last seq: 14231950000)
[2025-10-11 14:28:07] ✅ STG firehose healthy (last seq: 14231950000)
[2025-10-11 14:28:07] ✅ All services healthy
[2025-10-11 14:33:07] === Starting Firehose Health Check ===
[2025-10-11 14:33:07] ✅ DEV firehose healthy (last seq: 14232075000)
[2025-10-11 14:33:07] ✅ STG firehose healthy (last seq: 14232076000)
[2025-10-11 14:33:07] ✅ All services healthy
[2025-10-11 14:38:07] === Starting Firehose Health Check ===
[2025-10-11 14:38:07] ✅ DEV firehose healthy (last seq: 14232200000)
[2025-10-11 14:38:07] ✅ STG firehose healthy (last seq: 14232200000)
[2025-10-11 14:38:07] ✅ All services healthy
[2025-10-11 14:43:07] === Starting Firehose Health Check ===
[2025-10-11 14:43:07] ✅ DEV firehose healthy (last seq: 14232324000)
[2025-10-11 14:43:07] ✅ STG firehose healthy (last seq: 14232324000)
[2025-10-11 14:43:07] ✅ All services healthy
[2025-10-11 14:48:07] === Starting Firehose Health Check ===
[2025-10-11 14:48:07] ✅ DEV firehose healthy (last seq: 14232449000)
[2025-10-11 14:48:07] ✅ STG firehose healthy (last seq: 14232449000)
[2025-10-11 14:48:07] ✅ All services healthy
[2025-10-11 14:53:07] === Starting Firehose Health Check ===
[2025-10-11 14:53:07] ✅ DEV firehose healthy (last seq: 14232576000)
[2025-10-11 14:53:07] ✅ STG firehose healthy (last seq: 14232576000)
[2025-10-11 14:53:07] ✅ All services healthy
[2025-10-11 14:58:07] === Starting Firehose Health Check ===
[2025-10-11 14:58:07] ✅ DEV firehose healthy (last seq: 14232703000)
[2025-10-11 14:58:07] ✅ STG firehose healthy (last seq: 14232703000)
[2025-10-11 14:58:07] ✅ All services healthy
[2025-10-11 15:03:07] === Starting Firehose Health Check ===
[2025-10-11 15:03:07] ✅ DEV firehose healthy (last seq: 14232834000)
[2025-10-11 15:03:07] ✅ STG firehose healthy (last seq: 14232834000)
[2025-10-11 15:03:07] ✅ All services healthy
[2025-10-11 15:08:07] === Starting Firehose Health Check ===
[2025-10-11 15:08:07] ✅ DEV firehose healthy (last seq: 14232961000)
[2025-10-11 15:08:07] ✅ STG firehose healthy (last seq: 14232961000)
[2025-10-11 15:08:07] ✅ All services healthy
[2025-10-11 15:13:07] === Starting Firehose Health Check ===
[2025-10-11 15:13:07] ✅ DEV firehose healthy (last seq: 14233089000)
[2025-10-11 15:13:07] ✅ STG firehose healthy (last seq: 14233089000)
[2025-10-11 15:13:07] ✅ All services healthy
[2025-10-11 15:18:07] === Starting Firehose Health Check ===
[2025-10-11 15:18:07] ✅ DEV firehose healthy (last seq: 14233217000)
[2025-10-11 15:18:07] ✅ STG firehose healthy (last seq: 14233217000)
[2025-10-11 15:18:07] ✅ All services healthy
[2025-10-11 15:23:07] === Starting Firehose Health Check ===
[2025-10-11 15:23:07] ✅ DEV firehose healthy (last seq: 14233347000)
[2025-10-11 15:23:07] ✅ STG firehose healthy (last seq: 14233347000)
[2025-10-11 15:23:07] ✅ All services healthy
[2025-10-11 15:28:07] === Starting Firehose Health Check ===
[2025-10-11 15:28:07] ✅ DEV firehose healthy (last seq: 14233477000)
[2025-10-11 15:28:07] ✅ STG firehose healthy (last seq: 14233477000)
[2025-10-11 15:28:07] ✅ All services healthy
[2025-10-11 15:33:07] === Starting Firehose Health Check ===
[2025-10-11 15:33:07] ✅ DEV firehose healthy (last seq: 14233612000)
[2025-10-11 15:33:07] ✅ STG firehose healthy (last seq: 14233612000)
[2025-10-11 15:33:07] ✅ All services healthy
[2025-10-11 15:38:07] === Starting Firehose Health Check ===
[2025-10-11 15:38:07] ✅ DEV firehose healthy (last seq: 14233744000)
[2025-10-11 15:38:07] ✅ STG firehose healthy (last seq: 14233744000)
[2025-10-11 15:38:07] ✅ All services healthy
[2025-10-11 15:43:07] === Starting Firehose Health Check ===
[2025-10-11 15:43:07] ✅ DEV firehose healthy (last seq: 14233874000)
[2025-10-11 15:43:07] ✅ STG firehose healthy (last seq: 14233874000)
[2025-10-11 15:43:07] ✅ All services healthy
[2025-10-11 15:48:07] === Starting Firehose Health Check ===
[2025-10-11 15:48:07] ✅ DEV firehose healthy (last seq: 14234007000)
[2025-10-11 15:48:07] ✅ STG firehose healthy (last seq: 14234007000)
[2025-10-11 15:48:07] ✅ All services healthy
[2025-10-11 15:53:07] === Starting Firehose Health Check ===
[2025-10-11 15:53:07] ✅ DEV firehose healthy (last seq: 14234136000)
[2025-10-11 15:53:07] ✅ STG firehose healthy (last seq: 14234136000)
[2025-10-11 15:53:07] ✅ All services healthy
[2025-10-11 15:58:07] === Starting Firehose Health Check ===
[2025-10-11 15:58:07] ✅ DEV firehose healthy (last seq: 14234268000)
[2025-10-11 15:58:07] ✅ STG firehose healthy (last seq: 14234268000)
[2025-10-11 15:58:07] ✅ All services healthy
[2025-10-11 16:03:07] === Starting Firehose Health Check ===
[2025-10-11 16:03:07] ✅ DEV firehose healthy (last seq: 14234400000)
[2025-10-11 16:03:07] ✅ STG firehose healthy (last seq: 14234400000)
[2025-10-11 16:03:07] ✅ All services healthy
[2025-10-11 16:08:07] === Starting Firehose Health Check ===
[2025-10-11 16:08:07] ✅ DEV firehose healthy (last seq: 14234530000)
[2025-10-11 16:08:07] ✅ STG firehose healthy (last seq: 14234530000)
[2025-10-11 16:08:07] ✅ All services healthy
[2025-10-11 16:13:07] === Starting Firehose Health Check ===
[2025-10-11 16:13:07] ✅ DEV firehose healthy (last seq: 14234655000)
[2025-10-11 16:13:07] ✅ STG firehose healthy (last seq: 14234655000)
[2025-10-11 16:13:07] ✅ All services healthy
[2025-10-11 16:18:07] === Starting Firehose Health Check ===
[2025-10-11 16:18:07] ✅ DEV firehose healthy (last seq: 14234781000)
[2025-10-11 16:18:07] ✅ STG firehose healthy (last seq: 14234781000)
[2025-10-11 16:18:07] ✅ All services healthy
[2025-10-11 16:23:07] === Starting Firehose Health Check ===
[2025-10-11 16:23:07] ✅ DEV firehose healthy (last seq: 14234906000)
[2025-10-11 16:23:07] ✅ STG firehose healthy (last seq: 14234906000)
[2025-10-11 16:23:07] ✅ All services healthy
[2025-10-11 16:28:07] === Starting Firehose Health Check ===
[2025-10-11 16:28:07] ✅ DEV firehose healthy (last seq: 14235034000)
[2025-10-11 16:28:07] ✅ STG firehose healthy (last seq: 14235034000)
[2025-10-11 16:28:07] ✅ All services healthy
[2025-10-11 16:33:07] === Starting Firehose Health Check ===
[2025-10-11 16:33:07] ✅ DEV firehose healthy (last seq: 14235167000)
[2025-10-11 16:33:07] ✅ STG firehose healthy (last seq: 14235167000)
[2025-10-11 16:33:07] ✅ All services healthy
[2025-10-11 16:38:07] === Starting Firehose Health Check ===
[2025-10-11 16:38:07] ✅ DEV firehose healthy (last seq: 14235293000)
[2025-10-11 16:38:07] ✅ STG firehose healthy (last seq: 14235293000)
[2025-10-11 16:38:08] ✅ All services healthy
[2025-10-11 16:43:07] === Starting Firehose Health Check ===
[2025-10-11 16:43:07] ✅ DEV firehose healthy (last seq: 14235420000)
[2025-10-11 16:43:08] ✅ STG firehose healthy (last seq: 14235420000)
[2025-10-11 16:43:08] ✅ All services healthy
[2025-10-11 16:48:07] === Starting Firehose Health Check ===
[2025-10-11 16:48:08] ✅ DEV firehose healthy (last seq: 14235547000)
[2025-10-11 16:48:08] ✅ STG firehose healthy (last seq: 14235547000)
[2025-10-11 16:48:08] ✅ All services healthy
[2025-10-11 16:53:07] === Starting Firehose Health Check ===
[2025-10-11 16:53:08] ✅ DEV firehose healthy (last seq: 14235674000)
[2025-10-11 16:53:08] ✅ STG firehose healthy (last seq: 14235674000)
[2025-10-11 16:53:08] ✅ All services healthy
[2025-10-11 16:58:08] === Starting Firehose Health Check ===
[2025-10-11 16:58:08] ✅ DEV firehose healthy (last seq: 14235799000)
[2025-10-11 16:58:08] ✅ STG firehose healthy (last seq: 14235799000)
[2025-10-11 16:58:08] ✅ All services healthy
[2025-10-11 17:03:08] === Starting Firehose Health Check ===
[2025-10-11 17:03:08] ✅ DEV firehose healthy (last seq: 14235927000)
[2025-10-11 17:03:08] ✅ STG firehose healthy (last seq: 14235927000)
[2025-10-11 17:03:08] ✅ All services healthy
[2025-10-11 17:08:08] === Starting Firehose Health Check ===
[2025-10-11 17:08:08] ✅ DEV firehose healthy (last seq: 14236053000)
[2025-10-11 17:08:08] ✅ STG firehose healthy (last seq: 14236054000)
[2025-10-11 17:08:08] ✅ All services healthy
[2025-10-11 17:13:08] === Starting Firehose Health Check ===
[2025-10-11 17:13:08] ✅ DEV firehose healthy (last seq: 14236179000)
[2025-10-11 17:13:08] ✅ STG firehose healthy (last seq: 14236179000)
[2025-10-11 17:13:08] ✅ All services healthy
[2025-10-11 17:18:08] === Starting Firehose Health Check ===
[2025-10-11 17:18:08] ✅ DEV firehose healthy (last seq: 14236308000)
[2025-10-11 17:18:08] ✅ STG firehose healthy (last seq: 14236308000)
[2025-10-11 17:18:08] ✅ All services healthy
[2025-10-11 17:23:08] === Starting Firehose Health Check ===
[2025-10-11 17:23:08] ✅ DEV firehose healthy (last seq: 14236432000)
[2025-10-11 17:23:08] ✅ STG firehose healthy (last seq: 14236432000)
[2025-10-11 17:23:08] ✅ All services healthy
[2025-10-11 17:28:08] === Starting Firehose Health Check ===
[2025-10-11 17:28:08] ✅ DEV firehose healthy (last seq: 14236558000)
[2025-10-11 17:28:08] ✅ STG firehose healthy (last seq: 14236558000)
[2025-10-11 17:28:08] ✅ All services healthy
[2025-10-11 17:33:08] === Starting Firehose Health Check ===
[2025-10-11 17:33:08] ✅ DEV firehose healthy (last seq: 14236684000)
[2025-10-11 17:33:08] ✅ STG firehose healthy (last seq: 14236684000)
[2025-10-11 17:33:08] ✅ All services healthy
[2025-10-11 17:38:08] === Starting Firehose Health Check ===
[2025-10-11 17:38:08] ✅ DEV firehose healthy (last seq: 14236809000)
[2025-10-11 17:38:08] ✅ STG firehose healthy (last seq: 14236809000)
[2025-10-11 17:38:08] ✅ All services healthy
[2025-10-11 17:43:08] === Starting Firehose Health Check ===
[2025-10-11 17:43:08] ✅ DEV firehose healthy (last seq: 14236934000)
[2025-10-11 17:43:08] ✅ STG firehose healthy (last seq: 14236934000)
[2025-10-11 17:43:08] ✅ All services healthy
[2025-10-11 17:48:08] === Starting Firehose Health Check ===
[2025-10-11 17:48:08] ✅ DEV firehose healthy (last seq: 14237059000)
[2025-10-11 17:48:08] ✅ STG firehose healthy (last seq: 14237059000)
[2025-10-11 17:48:08] ✅ All services healthy
[2025-10-11 17:53:08] === Starting Firehose Health Check ===
[2025-10-11 17:53:08] ✅ DEV firehose healthy (last seq: 14237184000)
[2025-10-11 17:53:08] ✅ STG firehose healthy (last seq: 14237184000)
[2025-10-11 17:53:08] ✅ All services healthy
[2025-10-11 17:58:08] === Starting Firehose Health Check ===
[2025-10-11 17:58:08] ✅ DEV firehose healthy (last seq: 14237311000)
[2025-10-11 17:58:08] ✅ STG firehose healthy (last seq: 14237311000)
[2025-10-11 17:58:08] ✅ All services healthy
[2025-10-11 18:03:08] === Starting Firehose Health Check ===
[2025-10-11 18:03:08] ✅ DEV firehose healthy (last seq: 14237442000)
[2025-10-11 18:03:08] ✅ STG firehose healthy (last seq: 14237442000)
[2025-10-11 18:03:08] ✅ All services healthy
[2025-10-11 18:08:08] === Starting Firehose Health Check ===
[2025-10-11 18:08:08] ✅ DEV firehose healthy (last seq: 14237568000)
[2025-10-11 18:08:08] ✅ STG firehose healthy (last seq: 14237568000)
[2025-10-11 18:08:08] ✅ All services healthy
[2025-10-11 18:13:08] === Starting Firehose Health Check ===
[2025-10-11 18:13:08] ✅ DEV firehose healthy (last seq: 14237695000)
[2025-10-11 18:13:08] ✅ STG firehose healthy (last seq: 14237695000)
[2025-10-11 18:13:08] ✅ All services healthy
[2025-10-11 18:18:08] === Starting Firehose Health Check ===
[2025-10-11 18:18:08] ✅ DEV firehose healthy (last seq: 14237820000)
[2025-10-11 18:18:08] ✅ STG firehose healthy (last seq: 14237820000)
[2025-10-11 18:18:08] ✅ All services healthy
[2025-10-11 18:23:08] === Starting Firehose Health Check ===
[2025-10-11 18:23:08] ✅ DEV firehose healthy (last seq: 14237944000)
[2025-10-11 18:23:08] ✅ STG firehose healthy (last seq: 14237944000)
[2025-10-11 18:23:08] ✅ All services healthy
[2025-10-11 18:28:08] === Starting Firehose Health Check ===
[2025-10-11 18:28:08] ✅ DEV firehose healthy (last seq: 14238067000)
[2025-10-11 18:28:08] ✅ STG firehose healthy (last seq: 14238067000)
[2025-10-11 18:28:08] ✅ All services healthy
[2025-10-11 18:33:08] === Starting Firehose Health Check ===
[2025-10-11 18:33:08] ✅ DEV firehose healthy (last seq: 14238191000)
[2025-10-11 18:33:08] ✅ STG firehose healthy (last seq: 14238191000)
[2025-10-11 18:33:08] ✅ All services healthy
[2025-10-11 18:38:08] === Starting Firehose Health Check ===
[2025-10-11 18:38:08] ✅ DEV firehose healthy (last seq: 14238316000)
[2025-10-11 18:38:08] ✅ STG firehose healthy (last seq: 14238316000)
[2025-10-11 18:38:08] ✅ All services healthy
[2025-10-11 18:43:08] === Starting Firehose Health Check ===
[2025-10-11 18:43:08] ✅ DEV firehose healthy (last seq: 14238440000)
[2025-10-11 18:43:08] ✅ STG firehose healthy (last seq: 14238440000)
[2025-10-11 18:43:08] ✅ All services healthy
[2025-10-11 18:48:08] === Starting Firehose Health Check ===
[2025-10-11 18:48:08] ✅ DEV firehose healthy (last seq: 14238564000)
[2025-10-11 18:48:08] ✅ STG firehose healthy (last seq: 14238564000)
[2025-10-11 18:48:08] ✅ All services healthy
[2025-10-11 18:53:08] === Starting Firehose Health Check ===
[2025-10-11 18:53:08] ✅ DEV firehose healthy (last seq: 14238687000)
[2025-10-11 18:53:08] ✅ STG firehose healthy (last seq: 14238687000)
[2025-10-11 18:53:08] ✅ All services healthy
[2025-10-11 18:58:08] === Starting Firehose Health Check ===
[2025-10-11 18:58:08] ✅ DEV firehose healthy (last seq: 14238811000)
[2025-10-11 18:58:08] ✅ STG firehose healthy (last seq: 14238811000)
[2025-10-11 18:58:08] ✅ All services healthy
[2025-10-11 19:03:08] === Starting Firehose Health Check ===
[2025-10-11 19:03:08] ✅ DEV firehose healthy (last seq: 14238937000)
[2025-10-11 19:03:08] ✅ STG firehose healthy (last seq: 14238937000)
[2025-10-11 19:03:08] ✅ All services healthy
[2025-10-11 19:08:08] === Starting Firehose Health Check ===
[2025-10-11 19:08:08] ✅ DEV firehose healthy (last seq: 14239061000)
[2025-10-11 19:08:08] ✅ STG firehose healthy (last seq: 14239061000)
[2025-10-11 19:08:08] ✅ All services healthy
[2025-10-11 19:13:08] === Starting Firehose Health Check ===
[2025-10-11 19:13:08] ✅ DEV firehose healthy (last seq: 14239186000)
[2025-10-11 19:13:08] ✅ STG firehose healthy (last seq: 14239186000)
[2025-10-11 19:13:08] ✅ All services healthy
[2025-10-11 19:18:08] === Starting Firehose Health Check ===
[2025-10-11 19:18:08] ✅ DEV firehose healthy (last seq: 14239311000)
[2025-10-11 19:18:09] ✅ STG firehose healthy (last seq: 14239311000)
[2025-10-11 19:18:09] ✅ All services healthy
[2025-10-11 19:23:08] === Starting Firehose Health Check ===
[2025-10-11 19:23:08] ✅ DEV firehose healthy (last seq: 14239437000)
[2025-10-11 19:23:09] ✅ STG firehose healthy (last seq: 14239437000)
[2025-10-11 19:23:09] ✅ All services healthy
[2025-10-11 19:28:08] === Starting Firehose Health Check ===
[2025-10-11 19:28:09] ✅ DEV firehose healthy (last seq: 14239564000)
[2025-10-11 19:28:09] ✅ STG firehose healthy (last seq: 14239564000)
[2025-10-11 19:28:09] ✅ All services healthy
[2025-10-11 19:33:08] === Starting Firehose Health Check ===
[2025-10-11 19:33:09] ✅ DEV firehose healthy (last seq: 14239691000)
[2025-10-11 19:33:09] ✅ STG firehose healthy (last seq: 14239691000)
[2025-10-11 19:33:09] ✅ All services healthy
[2025-10-11 19:38:09] === Starting Firehose Health Check ===
[2025-10-11 19:38:09] ✅ DEV firehose healthy (last seq: 14239817000)
[2025-10-11 19:38:09] ✅ STG firehose healthy (last seq: 14239817000)
[2025-10-11 19:38:09] ✅ All services healthy
[2025-10-11 19:43:09] === Starting Firehose Health Check ===
[2025-10-11 19:43:09] ✅ DEV firehose healthy (last seq: 14239943000)
[2025-10-11 19:43:09] ✅ STG firehose healthy (last seq: 14239943000)
[2025-10-11 19:43:09] ✅ All services healthy
[2025-10-11 19:48:09] === Starting Firehose Health Check ===
[2025-10-11 19:48:09] ✅ DEV firehose healthy (last seq: 14240068000)
[2025-10-11 19:48:09] ✅ STG firehose healthy (last seq: 14240068000)
[2025-10-11 19:48:09] ✅ All services healthy
[2025-10-11 19:53:09] === Starting Firehose Health Check ===
[2025-10-11 19:53:09] ✅ DEV firehose healthy (last seq: 14240193000)
[2025-10-11 19:53:09] ✅ STG firehose healthy (last seq: 14240193000)
[2025-10-11 19:53:09] ✅ All services healthy
[2025-10-11 19:58:09] === Starting Firehose Health Check ===
[2025-10-11 19:58:09] ✅ DEV firehose healthy (last seq: 14240319000)
[2025-10-11 19:58:09] ✅ STG firehose healthy (last seq: 14240319000)
[2025-10-11 19:58:09] ✅ All services healthy
[2025-10-11 20:03:09] === Starting Firehose Health Check ===
[2025-10-11 20:03:09] ✅ DEV firehose healthy (last seq: 14240448000)
[2025-10-11 20:03:09] ✅ STG firehose healthy (last seq: 14240448000)
[2025-10-11 20:03:09] ✅ All services healthy
[2025-10-11 20:08:09] === Starting Firehose Health Check ===
[2025-10-11 20:08:09] ✅ DEV firehose healthy (last seq: 14240575000)
[2025-10-11 20:08:09] ✅ STG firehose healthy (last seq: 14240575000)
[2025-10-11 20:08:09] ✅ All services healthy
[2025-10-11 20:13:09] === Starting Firehose Health Check ===
[2025-10-11 20:13:09] ✅ DEV firehose healthy (last seq: 14240700000)
[2025-10-11 20:13:09] ✅ STG firehose healthy (last seq: 14240700000)
[2025-10-11 20:13:09] ✅ All services healthy
[2025-10-11 20:18:09] === Starting Firehose Health Check ===
[2025-10-11 20:18:09] ✅ DEV firehose healthy (last seq: 14240824000)
[2025-10-11 20:18:09] ✅ STG firehose healthy (last seq: 14240825000)
[2025-10-11 20:18:09] ✅ All services healthy
[2025-10-11 20:23:09] === Starting Firehose Health Check ===
[2025-10-11 20:23:09] ✅ DEV firehose healthy (last seq: 14240949000)
[2025-10-11 20:23:09] ✅ STG firehose healthy (last seq: 14240949000)
[2025-10-11 20:23:09] ✅ All services healthy
[2025-10-11 20:28:09] === Starting Firehose Health Check ===
[2025-10-11 20:28:09] ✅ DEV firehose healthy (last seq: 14241074000)
[2025-10-11 20:28:09] ✅ STG firehose healthy (last seq: 14241074000)
[2025-10-11 20:28:09] ✅ All services healthy
[2025-10-11 20:33:09] === Starting Firehose Health Check ===
[2025-10-11 20:33:09] ✅ DEV firehose healthy (last seq: 14241200000)
[2025-10-11 20:33:09] ✅ STG firehose healthy (last seq: 14241200000)
[2025-10-11 20:33:09] ✅ All services healthy
[2025-10-11 20:38:09] === Starting Firehose Health Check ===
[2025-10-11 20:38:09] ✅ DEV firehose healthy (last seq: 14241324000)
[2025-10-11 20:38:09] ✅ STG firehose healthy (last seq: 14241324000)
[2025-10-11 20:38:09] ✅ All services healthy
[2025-10-11 20:43:09] === Starting Firehose Health Check ===
[2025-10-11 20:43:09] ✅ DEV firehose healthy (last seq: 14241450000)
[2025-10-11 20:43:09] ✅ STG firehose healthy (last seq: 14241450000)
[2025-10-11 20:43:09] ✅ All services healthy
[2025-10-11 20:48:09] === Starting Firehose Health Check ===
[2025-10-11 20:48:09] ✅ DEV firehose healthy (last seq: 14241576000)
[2025-10-11 20:48:09] ✅ STG firehose healthy (last seq: 14241576000)
[2025-10-11 20:48:09] ✅ All services healthy
[2025-10-11 20:53:09] === Starting Firehose Health Check ===
[2025-10-11 20:53:09] ✅ DEV firehose healthy (last seq: 14241706000)
[2025-10-11 20:53:09] ✅ STG firehose healthy (last seq: 14241706000)
[2025-10-11 20:53:09] ✅ All services healthy
[2025-10-11 20:58:09] === Starting Firehose Health Check ===
[2025-10-11 20:58:09] ✅ DEV firehose healthy (last seq: 14241834000)
[2025-10-11 20:58:09] ✅ STG firehose healthy (last seq: 14241834000)
[2025-10-11 20:58:09] ✅ All services healthy
[2025-10-11 21:03:09] === Starting Firehose Health Check ===
[2025-10-11 21:03:09] ✅ DEV firehose healthy (last seq: 14241964000)
[2025-10-11 21:03:09] ✅ STG firehose healthy (last seq: 14241965000)
[2025-10-11 21:03:09] ✅ All services healthy
[2025-10-11 21:08:09] === Starting Firehose Health Check ===
[2025-10-11 21:08:09] ✅ DEV firehose healthy (last seq: 14242090000)
[2025-10-11 21:08:09] ✅ STG firehose healthy (last seq: 14242090000)
[2025-10-11 21:08:09] ✅ All services healthy
[2025-10-11 21:13:09] === Starting Firehose Health Check ===
[2025-10-11 21:13:09] ✅ DEV firehose healthy (last seq: 14242214000)
[2025-10-11 21:13:09] ✅ STG firehose healthy (last seq: 14242214000)
[2025-10-11 21:13:09] ✅ All services healthy
[2025-10-11 21:18:09] === Starting Firehose Health Check ===
[2025-10-11 21:18:09] ✅ DEV firehose healthy (last seq: 14242335000)
[2025-10-11 21:18:09] ✅ STG firehose healthy (last seq: 14242335000)
[2025-10-11 21:18:09] ✅ All services healthy
[2025-10-11 21:23:09] === Starting Firehose Health Check ===
[2025-10-11 21:23:09] ✅ DEV firehose healthy (last seq: 14242458000)
[2025-10-11 21:23:09] ✅ STG firehose healthy (last seq: 14242458000)
[2025-10-11 21:23:09] ✅ All services healthy
[2025-10-11 21:28:09] === Starting Firehose Health Check ===
[2025-10-11 21:28:09] ✅ DEV firehose healthy (last seq: 14242582000)
[2025-10-11 21:28:09] ✅ STG firehose healthy (last seq: 14242582000)
[2025-10-11 21:28:09] ✅ All services healthy
[2025-10-11 21:33:09] === Starting Firehose Health Check ===
[2025-10-11 21:33:09] ✅ DEV firehose healthy (last seq: 14242709000)
[2025-10-11 21:33:09] ✅ STG firehose healthy (last seq: 14242709000)
[2025-10-11 21:33:09] ✅ All services healthy
[2025-10-11 21:38:09] === Starting Firehose Health Check ===
[2025-10-11 21:38:09] ✅ DEV firehose healthy (last seq: 14242835000)
[2025-10-11 21:38:09] ✅ STG firehose healthy (last seq: 14242835000)
[2025-10-11 21:38:09] ✅ All services healthy
[2025-10-11 21:43:09] === Starting Firehose Health Check ===
[2025-10-11 21:43:09] ✅ DEV firehose healthy (last seq: 14242960000)
[2025-10-11 21:43:09] ✅ STG firehose healthy (last seq: 14242960000)
[2025-10-11 21:43:09] ✅ All services healthy
[2025-10-11 21:48:09] === Starting Firehose Health Check ===
[2025-10-11 21:48:09] ✅ DEV firehose healthy (last seq: 14243081000)
[2025-10-11 21:48:09] ✅ STG firehose healthy (last seq: 14243077000)
[2025-10-11 21:48:09] ⚠️  WARNING: STG health endpoint (port 8080) not responding
[2025-10-11 21:48:09] ❌ One or more services have issues
[2025-10-11 21:53:09] === Starting Firehose Health Check ===
[2025-10-11 21:53:09] ✅ DEV firehose healthy (last seq: 14243203000)
[2025-10-11 21:53:09] ✅ STG firehose healthy (last seq: 14243203000)
[2025-10-11 21:53:09] ✅ All services healthy
[2025-10-11 21:58:09] === Starting Firehose Health Check ===
[2025-10-11 21:58:09] ✅ DEV firehose healthy (last seq: 14243324000)
[2025-10-11 21:58:09] ✅ STG firehose healthy (last seq: 14243324000)
[2025-10-11 21:58:09] ✅ All services healthy
[2025-10-11 22:03:09] === Starting Firehose Health Check ===
[2025-10-11 22:03:09] ✅ DEV firehose healthy (last seq: 14243448000)
[2025-10-11 22:03:10] ✅ STG firehose healthy (last seq: 14243448000)
[2025-10-11 22:03:10] ✅ All services healthy
[2025-10-11 22:08:09] === Starting Firehose Health Check ===
[2025-10-11 22:08:09] ✅ DEV firehose healthy (last seq: 14243565000)
[2025-10-11 22:08:10] ✅ STG firehose healthy (last seq: 14243565000)
[2025-10-11 22:08:10] ✅ All services healthy
[2025-10-11 22:13:09] === Starting Firehose Health Check ===
[2025-10-11 22:13:10] ✅ DEV firehose healthy (last seq: 14243683000)
[2025-10-11 22:13:10] ✅ STG firehose healthy (last seq: 14243683000)
[2025-10-11 22:13:10] ✅ All services healthy
[2025-10-11 22:18:10] === Starting Firehose Health Check ===
[2025-10-11 22:18:10] ✅ DEV firehose healthy (last seq: 14243801000)
[2025-10-11 22:18:10] ✅ STG firehose healthy (last seq: 14243801000)
[2025-10-11 22:18:10] ✅ All services healthy
[2025-10-11 22:23:10] === Starting Firehose Health Check ===
[2025-10-11 22:23:10] ✅ DEV firehose healthy (last seq: 14243919000)
[2025-10-11 22:23:10] ✅ STG firehose healthy (last seq: 14243919000)
[2025-10-11 22:23:10] ✅ All services healthy
[2025-10-11 22:28:10] === Starting Firehose Health Check ===
[2025-10-11 22:28:10] ✅ DEV firehose healthy (last seq: 14244036000)
[2025-10-11 22:28:10] ✅ STG firehose healthy (last seq: 14244036000)
[2025-10-11 22:28:10] ✅ All services healthy
[2025-10-11 22:33:10] === Starting Firehose Health Check ===
[2025-10-11 22:33:10] ✅ DEV firehose healthy (last seq: 14244152000)
[2025-10-11 22:33:10] ✅ STG firehose healthy (last seq: 14244152000)
[2025-10-11 22:33:10] ✅ All services healthy
[2025-10-11 22:38:10] === Starting Firehose Health Check ===
[2025-10-11 22:38:10] ✅ DEV firehose healthy (last seq: 14244268000)
[2025-10-11 22:38:10] ✅ STG firehose healthy (last seq: 14244268000)
[2025-10-11 22:38:10] ✅ All services healthy
[2025-10-11 22:43:10] === Starting Firehose Health Check ===
[2025-10-11 22:43:10] ✅ DEV firehose healthy (last seq: 14244384000)
[2025-10-11 22:43:10] ✅ STG firehose healthy (last seq: 14244384000)
[2025-10-11 22:43:10] ✅ All services healthy
[2025-10-11 22:48:10] === Starting Firehose Health Check ===
[2025-10-11 22:48:10] ✅ DEV firehose healthy (last seq: 14244502000)
[2025-10-11 22:48:10] ✅ STG firehose healthy (last seq: 14244503000)
[2025-10-11 22:48:10] ✅ All services healthy
[2025-10-11 22:53:10] === Starting Firehose Health Check ===
[2025-10-11 22:53:10] ✅ DEV firehose healthy (last seq: 14244620000)
[2025-10-11 22:53:10] ✅ STG firehose healthy (last seq: 14244620000)
[2025-10-11 22:53:10] ✅ All services healthy
[2025-10-11 22:58:10] === Starting Firehose Health Check ===
[2025-10-11 22:58:10] ✅ DEV firehose healthy (last seq: 14244737000)
[2025-10-11 22:58:10] ✅ STG firehose healthy (last seq: 14244737000)
[2025-10-11 22:58:10] ✅ All services healthy
[2025-10-11 23:03:10] === Starting Firehose Health Check ===
[2025-10-11 23:03:10] ✅ DEV firehose healthy (last seq: 14244855000)
[2025-10-11 23:03:10] ✅ STG firehose healthy (last seq: 14244855000)
[2025-10-11 23:03:10] ✅ All services healthy
[2025-10-11 23:08:10] === Starting Firehose Health Check ===
[2025-10-11 23:08:10] ✅ DEV firehose healthy (last seq: 14244970000)
[2025-10-11 23:08:10] ✅ STG firehose healthy (last seq: 14244970000)
[2025-10-11 23:08:10] ✅ All services healthy
[2025-10-11 23:13:10] === Starting Firehose Health Check ===
[2025-10-11 23:13:10] ✅ DEV firehose healthy (last seq: 14245082000)
[2025-10-11 23:13:10] ✅ STG firehose healthy (last seq: 14245082000)
[2025-10-11 23:13:10] ✅ All services healthy
[2025-10-11 23:18:10] === Starting Firehose Health Check ===
[2025-10-11 23:18:10] ✅ DEV firehose healthy (last seq: 14245197000)
[2025-10-11 23:18:10] ✅ STG firehose healthy (last seq: 14245197000)
[2025-10-11 23:18:10] ✅ All services healthy
[2025-10-11 23:23:10] === Starting Firehose Health Check ===
[2025-10-11 23:23:10] ✅ DEV firehose healthy (last seq: 14245308000)
[2025-10-11 23:23:10] ✅ STG firehose healthy (last seq: 14245308000)
[2025-10-11 23:23:10] ✅ All services healthy
[2025-10-11 23:28:10] === Starting Firehose Health Check ===
[2025-10-11 23:28:10] ✅ DEV firehose healthy (last seq: 14245421000)
[2025-10-11 23:28:10] ✅ STG firehose healthy (last seq: 14245421000)
[2025-10-11 23:28:10] ✅ All services healthy
[2025-10-11 23:33:10] === Starting Firehose Health Check ===
[2025-10-11 23:33:10] ✅ DEV firehose healthy (last seq: 14245536000)
[2025-10-11 23:33:10] ✅ STG firehose healthy (last seq: 14245536000)
[2025-10-11 23:33:10] ✅ All services healthy
[2025-10-11 23:38:10] === Starting Firehose Health Check ===
[2025-10-11 23:38:10] ✅ DEV firehose healthy (last seq: 14245650000)
[2025-10-11 23:38:10] ✅ STG firehose healthy (last seq: 14245650000)
[2025-10-11 23:38:10] ✅ All services healthy
[2025-10-11 23:43:10] === Starting Firehose Health Check ===
[2025-10-11 23:43:10] ✅ DEV firehose healthy (last seq: 14245762000)
[2025-10-11 23:43:10] ✅ STG firehose healthy (last seq: 14245762000)
[2025-10-11 23:43:10] ✅ All services healthy
[2025-10-11 23:48:10] === Starting Firehose Health Check ===
[2025-10-11 23:48:10] ✅ DEV firehose healthy (last seq: 14245876000)
[2025-10-11 23:48:10] ✅ STG firehose healthy (last seq: 14245876000)
[2025-10-11 23:48:10] ✅ All services healthy
[2025-10-11 23:53:10] === Starting Firehose Health Check ===
[2025-10-11 23:53:10] ✅ DEV firehose healthy (last seq: 14245987000)
[2025-10-11 23:53:10] ✅ STG firehose healthy (last seq: 14245987000)
[2025-10-11 23:53:10] ✅ All services healthy
[2025-10-11 23:58:10] === Starting Firehose Health Check ===
[2025-10-11 23:58:10] ✅ DEV firehose healthy (last seq: 14246099000)
[2025-10-11 23:58:10] ✅ STG firehose healthy (last seq: 14246099000)
[2025-10-11 23:58:10] ✅ All services healthy
[2025-10-12 00:03:10] === Starting Firehose Health Check ===
[2025-10-12 00:03:10] ✅ DEV firehose healthy (last seq: 14246210000)
[2025-10-12 00:03:10] ✅ STG firehose healthy (last seq: 14246210000)
[2025-10-12 00:03:10] ✅ All services healthy
[2025-10-12 00:08:10] === Starting Firehose Health Check ===
[2025-10-12 00:08:10] ✅ DEV firehose healthy (last seq: 14246318000)
[2025-10-12 00:08:10] ✅ STG firehose healthy (last seq: 14246318000)
[2025-10-12 00:08:10] ✅ All services healthy
[2025-10-12 00:13:10] === Starting Firehose Health Check ===
[2025-10-12 00:13:10] ✅ DEV firehose healthy (last seq: 14246428000)
[2025-10-12 00:13:10] ✅ STG firehose healthy (last seq: 14246428000)
[2025-10-12 00:13:10] ✅ All services healthy
[2025-10-12 00:18:10] === Starting Firehose Health Check ===
[2025-10-12 00:18:10] ✅ DEV firehose healthy (last seq: 14246536000)
[2025-10-12 00:18:10] ✅ STG firehose healthy (last seq: 14246536000)
[2025-10-12 00:18:10] ✅ All services healthy
[2025-10-12 00:23:10] === Starting Firehose Health Check ===
[2025-10-12 00:23:10] ✅ DEV firehose healthy (last seq: 14246643000)
[2025-10-12 00:23:10] ✅ STG firehose healthy (last seq: 14246644000)
[2025-10-12 00:23:10] ✅ All services healthy
[2025-10-12 00:28:10] === Starting Firehose Health Check ===
[2025-10-12 00:28:10] ✅ DEV firehose healthy (last seq: 14246752000)
[2025-10-12 00:28:10] ✅ STG firehose healthy (last seq: 14246752000)
[2025-10-12 00:28:10] ✅ All services healthy
[2025-10-12 00:33:10] === Starting Firehose Health Check ===
[2025-10-12 00:33:10] ✅ DEV firehose healthy (last seq: 14246861000)
[2025-10-12 00:33:10] ✅ STG firehose healthy (last seq: 14246861000)
[2025-10-12 00:33:10] ✅ All services healthy
[2025-10-12 00:38:10] === Starting Firehose Health Check ===
[2025-10-12 00:38:10] ✅ DEV firehose healthy (last seq: 14246969000)
[2025-10-12 00:38:10] ✅ STG firehose healthy (last seq: 14246969000)
[2025-10-12 00:38:10] ✅ All services healthy
[2025-10-12 00:43:10] === Starting Firehose Health Check ===
[2025-10-12 00:43:10] ✅ DEV firehose healthy (last seq: 14247077000)
[2025-10-12 00:43:11] ✅ STG firehose healthy (last seq: 14247077000)
[2025-10-12 00:43:11] ✅ All services healthy
[2025-10-12 00:48:10] === Starting Firehose Health Check ===
[2025-10-12 00:48:10] ✅ DEV firehose healthy (last seq: 14247185000)
[2025-10-12 00:48:11] ✅ STG firehose healthy (last seq: 14247185000)
[2025-10-12 00:48:11] ✅ All services healthy
[2025-10-12 00:53:10] === Starting Firehose Health Check ===
[2025-10-12 00:53:11] ✅ DEV firehose healthy (last seq: 14247292000)
[2025-10-12 00:53:11] ✅ STG firehose healthy (last seq: 14247292000)
[2025-10-12 00:53:11] ✅ All services healthy
[2025-10-12 00:58:11] === Starting Firehose Health Check ===
[2025-10-12 00:58:11] ✅ DEV firehose healthy (last seq: 14247399000)
[2025-10-12 00:58:11] ✅ STG firehose healthy (last seq: 14247399000)
[2025-10-12 00:58:11] ✅ All services healthy
[2025-10-12 01:03:11] === Starting Firehose Health Check ===
[2025-10-12 01:03:11] ✅ DEV firehose healthy (last seq: 14247509000)
[2025-10-12 01:03:11] ✅ STG firehose healthy (last seq: 14247509000)
[2025-10-12 01:03:11] ✅ All services healthy
[2025-10-12 01:08:11] === Starting Firehose Health Check ===
[2025-10-12 01:08:11] ✅ DEV firehose healthy (last seq: 14247617000)
[2025-10-12 01:08:11] ✅ STG firehose healthy (last seq: 14247617000)
[2025-10-12 01:08:11] ✅ All services healthy
[2025-10-12 01:13:11] === Starting Firehose Health Check ===
[2025-10-12 01:13:11] ✅ DEV firehose healthy (last seq: 14247725000)
[2025-10-12 01:13:11] ✅ STG firehose healthy (last seq: 14247725000)
[2025-10-12 01:13:11] ✅ All services healthy
[2025-10-12 01:18:11] === Starting Firehose Health Check ===
[2025-10-12 01:18:11] ✅ DEV firehose healthy (last seq: 14247832000)
[2025-10-12 01:18:11] ✅ STG firehose healthy (last seq: 14247832000)
[2025-10-12 01:18:11] ✅ All services healthy
[2025-10-12 01:23:11] === Starting Firehose Health Check ===
[2025-10-12 01:23:11] ✅ DEV firehose healthy (last seq: 14247939000)
[2025-10-12 01:23:11] ✅ STG firehose healthy (last seq: 14247939000)
[2025-10-12 01:23:11] ✅ All services healthy
[2025-10-12 01:28:11] === Starting Firehose Health Check ===
[2025-10-12 01:28:11] ✅ DEV firehose healthy (last seq: 14248044000)
[2025-10-12 01:28:11] ✅ STG firehose healthy (last seq: 14248044000)
[2025-10-12 01:28:11] ✅ All services healthy
[2025-10-12 01:33:11] === Starting Firehose Health Check ===
[2025-10-12 01:33:11] ✅ DEV firehose healthy (last seq: 14248151000)
[2025-10-12 01:33:11] ✅ STG firehose healthy (last seq: 14248151000)
[2025-10-12 01:33:11] ✅ All services healthy
[2025-10-12 01:38:11] === Starting Firehose Health Check ===
[2025-10-12 01:38:11] ✅ DEV firehose healthy (last seq: 14248255000)
[2025-10-12 01:38:11] ✅ STG firehose healthy (last seq: 14248255000)
[2025-10-12 01:38:11] ✅ All services healthy
[2025-10-12 01:43:11] === Starting Firehose Health Check ===
[2025-10-12 01:43:11] ✅ DEV firehose healthy (last seq: 14248361000)
[2025-10-12 01:43:11] ✅ STG firehose healthy (last seq: 14248361000)
[2025-10-12 01:43:11] ✅ All services healthy
[2025-10-12 01:48:11] === Starting Firehose Health Check ===
[2025-10-12 01:48:11] ✅ DEV firehose healthy (last seq: 14248467000)
[2025-10-12 01:48:11] ✅ STG firehose healthy (last seq: 14248467000)
[2025-10-12 01:48:11] ✅ All services healthy
[2025-10-12 01:53:11] === Starting Firehose Health Check ===
[2025-10-12 01:53:11] ✅ DEV firehose healthy (last seq: 14248570000)
[2025-10-12 01:53:11] ✅ STG firehose healthy (last seq: 14248570000)
[2025-10-12 01:53:11] ✅ All services healthy
[2025-10-12 01:58:11] === Starting Firehose Health Check ===
[2025-10-12 01:58:11] ✅ DEV firehose healthy (last seq: 14248675000)
[2025-10-12 01:58:11] ✅ STG firehose healthy (last seq: 14248675000)
[2025-10-12 01:58:11] ✅ All services healthy
[2025-10-12 02:03:11] === Starting Firehose Health Check ===
[2025-10-12 02:03:11] ✅ DEV firehose healthy (last seq: 14248780000)
[2025-10-12 02:03:11] ✅ STG firehose healthy (last seq: 14248780000)
[2025-10-12 02:03:11] ✅ All services healthy
[2025-10-12 02:08:11] === Starting Firehose Health Check ===
[2025-10-12 02:08:11] ✅ DEV firehose healthy (last seq: 14248881000)
[2025-10-12 02:08:11] ✅ STG firehose healthy (last seq: 14248881000)
[2025-10-12 02:08:11] ✅ All services healthy
[2025-10-12 02:13:11] === Starting Firehose Health Check ===
[2025-10-12 02:13:11] ✅ DEV firehose healthy (last seq: 14248983000)
[2025-10-12 02:13:11] ✅ STG firehose healthy (last seq: 14248983000)
[2025-10-12 02:13:11] ✅ All services healthy
[2025-10-12 02:18:11] === Starting Firehose Health Check ===
[2025-10-12 02:18:11] ✅ DEV firehose healthy (last seq: 14249081000)
[2025-10-12 02:18:11] ✅ STG firehose healthy (last seq: 14249081000)
[2025-10-12 02:18:11] ✅ All services healthy
[2025-10-12 02:23:11] === Starting Firehose Health Check ===
[2025-10-12 02:23:11] ✅ DEV firehose healthy (last seq: 14249180000)
[2025-10-12 02:23:11] ✅ STG firehose healthy (last seq: 14249180000)
[2025-10-12 02:23:11] ✅ All services healthy
[2025-10-12 02:28:11] === Starting Firehose Health Check ===
[2025-10-12 02:28:11] ✅ DEV firehose healthy (last seq: 14249281000)
[2025-10-12 02:28:11] ✅ STG firehose healthy (last seq: 14249281000)
[2025-10-12 02:28:11] ✅ All services healthy
[2025-10-12 02:33:11] === Starting Firehose Health Check ===
[2025-10-12 02:33:11] ✅ DEV firehose healthy (last seq: 14249382000)
[2025-10-12 02:33:11] ✅ STG firehose healthy (last seq: 14249382000)
[2025-10-12 02:33:11] ✅ All services healthy
[2025-10-12 02:38:11] === Starting Firehose Health Check ===
[2025-10-12 02:38:11] ✅ DEV firehose healthy (last seq: 14249481000)
[2025-10-12 02:38:11] ✅ STG firehose healthy (last seq: 14249481000)
[2025-10-12 02:38:11] ✅ All services healthy
[2025-10-12 02:43:11] === Starting Firehose Health Check ===
[2025-10-12 02:43:11] ✅ DEV firehose healthy (last seq: 14249579000)
[2025-10-12 02:43:11] ✅ STG firehose healthy (last seq: 14249579000)
[2025-10-12 02:43:11] ✅ All services healthy
[2025-10-12 02:48:11] === Starting Firehose Health Check ===
[2025-10-12 02:48:11] ✅ DEV firehose healthy (last seq: 14249675000)
[2025-10-12 02:48:11] ✅ STG firehose healthy (last seq: 14249675000)
[2025-10-12 02:48:11] ✅ All services healthy
[2025-10-12 02:53:11] === Starting Firehose Health Check ===
[2025-10-12 02:53:11] ✅ DEV firehose healthy (last seq: 14249772000)
[2025-10-12 02:53:11] ✅ STG firehose healthy (last seq: 14249772000)
[2025-10-12 02:53:11] ✅ All services healthy
[2025-10-12 02:58:11] === Starting Firehose Health Check ===
[2025-10-12 02:58:11] ✅ DEV firehose healthy (last seq: 14249870000)
[2025-10-12 02:58:11] ✅ STG firehose healthy (last seq: 14249870000)
[2025-10-12 02:58:11] ✅ All services healthy
[2025-10-12 03:03:11] === Starting Firehose Health Check ===
[2025-10-12 03:03:11] ✅ DEV firehose healthy (last seq: 14249967000)
[2025-10-12 03:03:11] ✅ STG firehose healthy (last seq: 14249967000)
[2025-10-12 03:03:11] ✅ All services healthy
[2025-10-12 03:08:11] === Starting Firehose Health Check ===
[2025-10-12 03:08:11] ✅ DEV firehose healthy (last seq: 14250061000)
[2025-10-12 03:08:11] ✅ STG firehose healthy (last seq: 14250061000)
[2025-10-12 03:08:11] ✅ All services healthy
[2025-10-12 03:13:11] === Starting Firehose Health Check ===
[2025-10-12 03:13:11] ✅ DEV firehose healthy (last seq: 14250155000)
[2025-10-12 03:13:11] ✅ STG firehose healthy (last seq: 14250155000)
[2025-10-12 03:13:11] ✅ All services healthy
[2025-10-12 03:18:11] === Starting Firehose Health Check ===
[2025-10-12 03:18:11] ✅ DEV firehose healthy (last seq: 14250247000)
[2025-10-12 03:18:11] ✅ STG firehose healthy (last seq: 14250247000)
[2025-10-12 03:18:11] ✅ All services healthy
[2025-10-12 03:23:11] === Starting Firehose Health Check ===
[2025-10-12 03:23:11] ✅ DEV firehose healthy (last seq: 14250340000)
[2025-10-12 03:23:12] ✅ STG firehose healthy (last seq: 14250340000)
[2025-10-12 03:23:12] ✅ All services healthy
[2025-10-12 03:28:11] === Starting Firehose Health Check ===
[2025-10-12 03:28:11] ✅ DEV firehose healthy (last seq: 14250431000)
[2025-10-12 03:28:12] ✅ STG firehose healthy (last seq: 14250431000)
[2025-10-12 03:28:12] ✅ All services healthy
[2025-10-12 03:33:11] === Starting Firehose Health Check ===
[2025-10-12 03:33:12] ✅ DEV firehose healthy (last seq: 14250521000)
[2025-10-12 03:33:12] ✅ STG firehose healthy (last seq: 14250521000)
[2025-10-12 03:33:12] ✅ All services healthy
[2025-10-12 03:38:12] === Starting Firehose Health Check ===
[2025-10-12 03:38:12] ✅ DEV firehose healthy (last seq: 14250610000)
[2025-10-12 03:38:12] ✅ STG firehose healthy (last seq: 14250610000)
[2025-10-12 03:38:12] ✅ All services healthy
[2025-10-12 03:43:12] === Starting Firehose Health Check ===
[2025-10-12 03:43:12] ✅ DEV firehose healthy (last seq: 14250698000)
[2025-10-12 03:43:12] ✅ STG firehose healthy (last seq: 14250698000)
[2025-10-12 03:43:12] ✅ All services healthy
[2025-10-12 03:48:12] === Starting Firehose Health Check ===
[2025-10-12 03:48:12] ✅ DEV firehose healthy (last seq: 14250785000)
[2025-10-12 03:48:12] ✅ STG firehose healthy (last seq: 14250785000)
[2025-10-12 03:48:12] ✅ All services healthy
[2025-10-12 03:53:12] === Starting Firehose Health Check ===
[2025-10-12 03:53:12] ✅ DEV firehose healthy (last seq: 14250870000)
[2025-10-12 03:53:12] ✅ STG firehose healthy (last seq: 14250870000)
[2025-10-12 03:53:12] ✅ All services healthy
[2025-10-12 03:58:12] === Starting Firehose Health Check ===
[2025-10-12 03:58:12] ✅ DEV firehose healthy (last seq: 14250955000)
[2025-10-12 03:58:12] ✅ STG firehose healthy (last seq: 14250955000)
[2025-10-12 03:58:12] ✅ All services healthy
[2025-10-12 04:03:12] === Starting Firehose Health Check ===
[2025-10-12 04:03:12] ✅ DEV firehose healthy (last seq: 14251040000)
[2025-10-12 04:03:12] ✅ STG firehose healthy (last seq: 14251040000)
[2025-10-12 04:03:12] ✅ All services healthy
[2025-10-12 04:08:12] === Starting Firehose Health Check ===
[2025-10-12 04:08:12] ✅ DEV firehose healthy (last seq: 14251122000)
[2025-10-12 04:08:12] ✅ STG firehose healthy (last seq: 14251122000)
[2025-10-12 04:08:12] ✅ All services healthy
[2025-10-12 04:13:12] === Starting Firehose Health Check ===
[2025-10-12 04:13:12] ✅ DEV firehose healthy (last seq: 14251203000)
[2025-10-12 04:13:12] ✅ STG firehose healthy (last seq: 14251203000)
[2025-10-12 04:13:12] ✅ All services healthy
[2025-10-12 04:18:12] === Starting Firehose Health Check ===
[2025-10-12 04:18:12] ✅ DEV firehose healthy (last seq: 14251284000)
[2025-10-12 04:18:12] ✅ STG firehose healthy (last seq: 14251284000)
[2025-10-12 04:18:12] ✅ All services healthy
[2025-10-12 04:23:12] === Starting Firehose Health Check ===
[2025-10-12 04:23:12] ✅ DEV firehose healthy (last seq: 14251363000)
[2025-10-12 04:23:12] ✅ STG firehose healthy (last seq: 14251363000)
[2025-10-12 04:23:12] ✅ All services healthy
[2025-10-12 04:28:12] === Starting Firehose Health Check ===
[2025-10-12 04:28:12] ✅ DEV firehose healthy (last seq: 14251442000)
[2025-10-12 04:28:12] ✅ STG firehose healthy (last seq: 14251442000)
[2025-10-12 04:28:12] ✅ All services healthy
[2025-10-12 04:33:12] === Starting Firehose Health Check ===
[2025-10-12 04:33:12] ✅ DEV firehose healthy (last seq: 14251517000)
[2025-10-12 04:33:12] ✅ STG firehose healthy (last seq: 14251517000)
[2025-10-12 04:33:12] ⚠️  WARNING: STG health endpoint (port 8080) not responding
[2025-10-12 04:33:12] ❌ One or more services have issues
[2025-10-12 04:38:12] === Starting Firehose Health Check ===
[2025-10-12 04:38:12] ✅ DEV firehose healthy (last seq: 14251594000)
[2025-10-12 04:38:12] ✅ STG firehose healthy (last seq: 14251594000)
[2025-10-12 04:38:12] ✅ All services healthy
[2025-10-12 04:43:12] === Starting Firehose Health Check ===
[2025-10-12 04:43:12] ✅ DEV firehose healthy (last seq: 14251670000)
[2025-10-12 04:43:12] ✅ STG firehose healthy (last seq: 14251670000)
[2025-10-12 04:43:12] ✅ All services healthy
[2025-10-12 04:48:12] === Starting Firehose Health Check ===
[2025-10-12 04:48:12] ✅ DEV firehose healthy (last seq: 14251745000)
[2025-10-12 04:48:12] ✅ STG firehose healthy (last seq: 14251745000)
[2025-10-12 04:48:12] ✅ All services healthy
[2025-10-12 04:53:12] === Starting Firehose Health Check ===
[2025-10-12 04:53:12] ✅ DEV firehose healthy (last seq: 14251818000)
[2025-10-12 04:53:12] ✅ STG firehose healthy (last seq: 14251818000)
[2025-10-12 04:53:12] ✅ All services healthy
[2025-10-12 04:58:12] === Starting Firehose Health Check ===
[2025-10-12 04:58:12] ✅ DEV firehose healthy (last seq: 14251890000)
[2025-10-12 04:58:12] ✅ STG firehose healthy (last seq: 14251890000)
[2025-10-12 04:58:12] ✅ All services healthy
[2025-10-12 05:03:12] === Starting Firehose Health Check ===
[2025-10-12 05:03:12] ✅ DEV firehose healthy (last seq: 14251963000)
[2025-10-12 05:03:12] ✅ STG firehose healthy (last seq: 14251963000)
[2025-10-12 05:03:12] ✅ All services healthy
[2025-10-12 05:08:12] === Starting Firehose Health Check ===
[2025-10-12 05:08:12] ✅ DEV firehose healthy (last seq: 14252035000)
[2025-10-12 05:08:12] ✅ STG firehose healthy (last seq: 14252035000)
[2025-10-12 05:08:12] ✅ All services healthy
[2025-10-12 05:13:12] === Starting Firehose Health Check ===
[2025-10-12 05:13:12] ✅ DEV firehose healthy (last seq: 14252106000)
[2025-10-12 05:13:12] ✅ STG firehose healthy (last seq: 14252106000)
[2025-10-12 05:13:12] ✅ All services healthy
[2025-10-12 05:18:12] === Starting Firehose Health Check ===
[2025-10-12 05:18:12] ✅ DEV firehose healthy (last seq: 14252179000)
[2025-10-12 05:18:12] ✅ STG firehose healthy (last seq: 14252179000)
[2025-10-12 05:18:12] ✅ All services healthy
[2025-10-12 05:23:12] === Starting Firehose Health Check ===
[2025-10-12 05:23:12] ✅ DEV firehose healthy (last seq: 14252247000)
[2025-10-12 05:23:12] ✅ STG firehose healthy (last seq: 14252247000)
[2025-10-12 05:23:12] ✅ All services healthy
[2025-10-12 05:28:12] === Starting Firehose Health Check ===
[2025-10-12 05:28:12] ✅ DEV firehose healthy (last seq: 14252316000)
[2025-10-12 05:28:12] ✅ STG firehose healthy (last seq: 14252316000)
[2025-10-12 05:28:12] ✅ All services healthy
[2025-10-12 05:33:12] === Starting Firehose Health Check ===
[2025-10-12 05:33:12] ✅ DEV firehose healthy (last seq: 14252386000)
[2025-10-12 05:33:12] ✅ STG firehose healthy (last seq: 14252386000)
[2025-10-12 05:33:12] ⚠️  WARNING: STG health endpoint (port 8080) not responding
[2025-10-12 05:33:12] ❌ One or more services have issues
[2025-10-12 05:38:12] === Starting Firehose Health Check ===
[2025-10-12 05:38:12] ✅ DEV firehose healthy (last seq: 14252456000)
[2025-10-12 05:38:12] ✅ STG firehose healthy (last seq: 14252456000)
[2025-10-12 05:38:12] ✅ All services healthy
[2025-10-12 05:43:12] === Starting Firehose Health Check ===
[2025-10-12 05:43:12] ✅ DEV firehose healthy (last seq: 14252527000)
[2025-10-12 05:43:12] ✅ STG firehose healthy (last seq: 14252527000)
[2025-10-12 05:43:12] ✅ All services healthy
[2025-10-12 05:48:12] === Starting Firehose Health Check ===
[2025-10-12 05:48:12] ✅ DEV firehose healthy (last seq: 14252597000)
[2025-10-12 05:48:12] ✅ STG firehose healthy (last seq: 14252597000)
[2025-10-12 05:48:12] ✅ All services healthy
[2025-10-12 05:53:12] === Starting Firehose Health Check ===
[2025-10-12 05:53:12] ✅ DEV firehose healthy (last seq: 14252664000)
[2025-10-12 05:53:12] ✅ STG firehose healthy (last seq: 14252664000)
[2025-10-12 05:53:12] ✅ All services healthy
[2025-10-12 05:58:12] === Starting Firehose Health Check ===
[2025-10-12 05:58:12] ✅ DEV firehose healthy (last seq: 14252730000)
[2025-10-12 05:58:12] ✅ STG firehose healthy (last seq: 14252730000)
[2025-10-12 05:58:12] ⚠️  WARNING: STG health endpoint (port 8080) not responding
[2025-10-12 05:58:13] ❌ One or more services have issues
[2025-10-12 06:03:12] === Starting Firehose Health Check ===
[2025-10-12 06:03:12] ✅ DEV firehose healthy (last seq: 14252799000)
[2025-10-12 06:03:13] ✅ STG firehose healthy (last seq: 14252799000)
[2025-10-12 06:03:13] ✅ All services healthy
[2025-10-12 06:08:12] === Starting Firehose Health Check ===
[2025-10-12 06:08:12] ✅ DEV firehose healthy (last seq: 14252865000)
[2025-10-12 06:08:13] ✅ STG firehose healthy (last seq: 14252865000)
[2025-10-12 06:08:13] ✅ All services healthy
[2025-10-12 06:13:12] === Starting Firehose Health Check ===
[2025-10-12 06:13:13] ✅ DEV firehose healthy (last seq: 14252931000)
[2025-10-12 06:13:13] ✅ STG firehose healthy (last seq: 14252931000)
[2025-10-12 06:13:13] ✅ All services healthy
[2025-10-12 06:18:13] === Starting Firehose Health Check ===
[2025-10-12 06:18:13] ✅ DEV firehose healthy (last seq: 14252997000)
[2025-10-12 06:18:13] ✅ STG firehose healthy (last seq: 14252997000)
[2025-10-12 06:18:13] ✅ All services healthy
[2025-10-12 06:23:13] === Starting Firehose Health Check ===
[2025-10-12 06:23:13] ✅ DEV firehose healthy (last seq: 14253066000)
[2025-10-12 06:23:13] ✅ STG firehose healthy (last seq: 14253066000)
[2025-10-12 06:23:13] ✅ All services healthy
[2025-10-12 06:28:13] === Starting Firehose Health Check ===
[2025-10-12 06:28:13] ✅ DEV firehose healthy (last seq: 14253135000)
[2025-10-12 06:28:13] ✅ STG firehose healthy (last seq: 14253135000)
[2025-10-12 06:28:13] ✅ All services healthy
[2025-10-12 06:33:13] === Starting Firehose Health Check ===
[2025-10-12 06:33:13] ✅ DEV firehose healthy (last seq: 14253204000)
[2025-10-12 06:33:13] ✅ STG firehose healthy (last seq: 14253204000)
[2025-10-12 06:33:13] ✅ All services healthy
[2025-10-12 06:38:13] === Starting Firehose Health Check ===
[2025-10-12 06:38:13] ✅ DEV firehose healthy (last seq: 14253272000)
[2025-10-12 06:38:13] ✅ STG firehose healthy (last seq: 14253272000)
[2025-10-12 06:38:13] ✅ All services healthy
[2025-10-12 06:43:13] === Starting Firehose Health Check ===
[2025-10-12 06:43:13] ✅ DEV firehose healthy (last seq: 14253340000)
[2025-10-12 06:43:13] ✅ STG firehose healthy (last seq: 14253340000)
[2025-10-12 06:43:13] ✅ All services healthy
[2025-10-12 06:48:13] === Starting Firehose Health Check ===
[2025-10-12 06:48:13] ✅ DEV firehose healthy (last seq: 14253407000)
[2025-10-12 06:48:13] ✅ STG firehose healthy (last seq: 14253407000)
[2025-10-12 06:48:13] ✅ All services healthy
[2025-10-12 06:53:13] === Starting Firehose Health Check ===
[2025-10-12 06:53:13] ✅ DEV firehose healthy (last seq: 14253476000)
[2025-10-12 06:53:13] ✅ STG firehose healthy (last seq: 14253474000)
[2025-10-12 06:53:13] ⚠️  WARNING: STG health endpoint (port 8080) not responding
[2025-10-12 06:53:13] ❌ One or more services have issues
[2025-10-12 06:58:13] === Starting Firehose Health Check ===
[2025-10-12 06:58:13] ✅ DEV firehose healthy (last seq: 14253544000)
[2025-10-12 06:58:13] ✅ STG firehose healthy (last seq: 14253544000)
[2025-10-12 06:58:13] ✅ All services healthy
[2025-10-12 07:03:13] === Starting Firehose Health Check ===
[2025-10-12 07:03:13] ✅ DEV firehose healthy (last seq: 14253615000)
[2025-10-12 07:03:13] ✅ STG firehose healthy (last seq: 14253615000)
[2025-10-12 07:03:13] ✅ All services healthy
[2025-10-12 07:08:13] === Starting Firehose Health Check ===
[2025-10-12 07:08:13] ✅ DEV firehose healthy (last seq: 14253685000)
[2025-10-12 07:08:13] ✅ STG firehose healthy (last seq: 14253685000)
[2025-10-12 07:08:13] ✅ All services healthy
[2025-10-12 07:13:13] === Starting Firehose Health Check ===
[2025-10-12 07:13:13] ✅ DEV firehose healthy (last seq: 14253754000)
[2025-10-12 07:13:13] ✅ STG firehose healthy (last seq: 14253754000)
[2025-10-12 07:13:13] ✅ All services healthy
[2025-10-12 07:18:13] === Starting Firehose Health Check ===
[2025-10-12 07:18:13] ✅ DEV firehose healthy (last seq: 14253823000)
[2025-10-12 07:18:13] ✅ STG firehose healthy (last seq: 14253823000)
[2025-10-12 07:18:13] ✅ All services healthy
[2025-10-12 07:23:13] === Starting Firehose Health Check ===
[2025-10-12 07:23:13] ✅ DEV firehose healthy (last seq: 14253890000)
[2025-10-12 07:23:13] ✅ STG firehose healthy (last seq: 14253890000)
[2025-10-12 07:23:13] ✅ All services healthy
[2025-10-12 07:28:13] === Starting Firehose Health Check ===
[2025-10-12 07:28:13] ✅ DEV firehose healthy (last seq: 14253960000)
[2025-10-12 07:28:13] ✅ STG firehose healthy (last seq: 14253960000)
[2025-10-12 07:28:13] ✅ All services healthy
[2025-10-12 07:33:13] === Starting Firehose Health Check ===
[2025-10-12 07:33:13] ✅ DEV firehose healthy (last seq: 14254030000)
[2025-10-12 07:33:13] ✅ STG firehose healthy (last seq: 14254030000)
[2025-10-12 07:33:13] ✅ All services healthy
[2025-10-12 07:38:13] === Starting Firehose Health Check ===
[2025-10-12 07:38:13] ✅ DEV firehose healthy (last seq: 14254100000)
[2025-10-12 07:38:13] ✅ STG firehose healthy (last seq: 14254100000)
[2025-10-12 07:38:13] ✅ All services healthy
[2025-10-12 07:43:13] === Starting Firehose Health Check ===
[2025-10-12 07:43:13] ✅ DEV firehose healthy (last seq: 14254168000)
[2025-10-12 07:43:13] ✅ STG firehose healthy (last seq: 14254168000)
[2025-10-12 07:43:13] ✅ All services healthy
[2025-10-12 07:48:13] === Starting Firehose Health Check ===
[2025-10-12 07:48:13] ✅ DEV firehose healthy (last seq: 14254235000)
[2025-10-12 07:48:13] ✅ STG firehose healthy (last seq: 14254235000)
[2025-10-12 07:48:13] ✅ All services healthy
[2025-10-12 07:53:13] === Starting Firehose Health Check ===
[2025-10-12 07:53:13] ✅ DEV firehose healthy (last seq: 14254303000)
[2025-10-12 07:53:13] ✅ STG firehose healthy (last seq: 14254303000)
[2025-10-12 07:53:13] ✅ All services healthy
[2025-10-12 07:58:13] === Starting Firehose Health Check ===
[2025-10-12 07:58:13] ✅ DEV firehose healthy (last seq: 14254371000)
[2025-10-12 07:58:13] ✅ STG firehose healthy (last seq: 14254371000)
[2025-10-12 07:58:13] ✅ All services healthy
[2025-10-12 08:03:13] === Starting Firehose Health Check ===
[2025-10-12 08:03:13] ✅ DEV firehose healthy (last seq: 14254440000)
[2025-10-12 08:03:13] ✅ STG firehose healthy (last seq: 14254440000)
[2025-10-12 08:03:13] ✅ All services healthy
[2025-10-12 08:08:13] === Starting Firehose Health Check ===
[2025-10-12 08:08:13] ✅ DEV firehose healthy (last seq: 14254509000)
[2025-10-12 08:08:13] ✅ STG firehose healthy (last seq: 14254509000)
[2025-10-12 08:08:13] ✅ All services healthy
[2025-10-12 08:13:13] === Starting Firehose Health Check ===
[2025-10-12 08:13:13] ✅ DEV firehose healthy (last seq: 14254577000)
[2025-10-12 08:13:13] ✅ STG firehose healthy (last seq: 14254577000)
[2025-10-12 08:13:13] ✅ All services healthy
[2025-10-12 08:18:13] === Starting Firehose Health Check ===
[2025-10-12 08:18:13] ✅ DEV firehose healthy (last seq: 14254644000)
[2025-10-12 08:18:13] ✅ STG firehose healthy (last seq: 14254644000)
[2025-10-12 08:18:13] ✅ All services healthy
[2025-10-12 08:23:13] === Starting Firehose Health Check ===
[2025-10-12 08:23:13] ✅ DEV firehose healthy (last seq: 14254710000)
[2025-10-12 08:23:13] ✅ STG firehose healthy (last seq: 14254710000)
[2025-10-12 08:23:13] ✅ All services healthy
[2025-10-12 08:28:13] === Starting Firehose Health Check ===
[2025-10-12 08:28:13] ✅ DEV firehose healthy (last seq: 14254776000)
[2025-10-12 08:28:13] ✅ STG firehose healthy (last seq: 14254776000)
[2025-10-12 08:28:13] ✅ All services healthy
[2025-10-12 08:33:13] === Starting Firehose Health Check ===
[2025-10-12 08:33:13] ✅ DEV firehose healthy (last seq: 14254842000)
[2025-10-12 08:33:13] ✅ STG firehose healthy (last seq: 14254842000)
[2025-10-12 08:33:13] ✅ All services healthy
[2025-10-12 08:38:13] === Starting Firehose Health Check ===
[2025-10-12 08:38:13] ✅ DEV firehose healthy (last seq: 14254910000)
[2025-10-12 08:38:13] ✅ STG firehose healthy (last seq: 14254910000)
[2025-10-12 08:38:14] ✅ All services healthy
[2025-10-12 08:43:13] === Starting Firehose Health Check ===
[2025-10-12 08:43:13] ✅ DEV firehose healthy (last seq: 14254975000)
[2025-10-12 08:43:14] ✅ STG firehose healthy (last seq: 14254975000)
[2025-10-12 08:43:14] ✅ All services healthy
[2025-10-12 08:48:13] === Starting Firehose Health Check ===
[2025-10-12 08:48:14] ✅ DEV firehose healthy (last seq: 14255043000)
[2025-10-12 08:48:14] ✅ STG firehose healthy (last seq: 14255043000)
[2025-10-12 08:48:14] ✅ All services healthy
[2025-10-12 08:53:13] === Starting Firehose Health Check ===
[2025-10-12 08:53:14] ✅ DEV firehose healthy (last seq: 14255110000)
[2025-10-12 08:53:14] ✅ STG firehose healthy (last seq: 14255110000)
[2025-10-12 08:53:14] ✅ All services healthy
[2025-10-12 08:58:14] === Starting Firehose Health Check ===
[2025-10-12 08:58:14] ✅ DEV firehose healthy (last seq: 14255175000)
[2025-10-12 08:58:14] ✅ STG firehose healthy (last seq: 14255175000)
[2025-10-12 08:58:14] ✅ All services healthy
[2025-10-12 09:03:14] === Starting Firehose Health Check ===
[2025-10-12 09:03:14] ✅ DEV firehose healthy (last seq: 14255244000)
[2025-10-12 09:03:14] ✅ STG firehose healthy (last seq: 14255244000)
[2025-10-12 09:03:14] ✅ All services healthy
[2025-10-12 09:08:14] === Starting Firehose Health Check ===
[2025-10-12 09:08:14] ✅ DEV firehose healthy (last seq: 14255311000)
[2025-10-12 09:08:14] ✅ STG firehose healthy (last seq: 14255311000)
[2025-10-12 09:08:14] ✅ All services healthy
[2025-10-12 09:13:14] === Starting Firehose Health Check ===
[2025-10-12 09:13:14] ✅ DEV firehose healthy (last seq: 14255379000)
[2025-10-12 09:13:14] ✅ STG firehose healthy (last seq: 14255379000)
[2025-10-12 09:13:14] ✅ All services healthy
[2025-10-12 09:18:14] === Starting Firehose Health Check ===
[2025-10-12 09:18:14] ✅ DEV firehose healthy (last seq: 14255445000)
[2025-10-12 09:18:14] ✅ STG firehose healthy (last seq: 14255445000)
[2025-10-12 09:18:14] ✅ All services healthy
[2025-10-12 09:23:14] === Starting Firehose Health Check ===
[2025-10-12 09:23:14] ✅ DEV firehose healthy (last seq: 14255512000)
[2025-10-12 09:23:14] ✅ STG firehose healthy (last seq: 14255512000)
[2025-10-12 09:23:14] ✅ All services healthy
[2025-10-12 09:28:14] === Starting Firehose Health Check ===
[2025-10-12 09:28:14] ✅ DEV firehose healthy (last seq: 14255580000)
[2025-10-12 09:28:14] ✅ STG firehose healthy (last seq: 14255580000)
[2025-10-12 09:28:14] ✅ All services healthy
[2025-10-12 09:33:14] === Starting Firehose Health Check ===
[2025-10-12 09:33:14] ✅ DEV firehose healthy (last seq: 14255646000)
[2025-10-12 09:33:14] ✅ STG firehose healthy (last seq: 14255646000)
[2025-10-12 09:33:14] ✅ All services healthy
[2025-10-12 09:38:14] === Starting Firehose Health Check ===
[2025-10-12 09:38:14] ✅ DEV firehose healthy (last seq: 14255712000)
[2025-10-12 09:38:14] ✅ STG firehose healthy (last seq: 14255712000)
[2025-10-12 09:38:14] ✅ All services healthy
[2025-10-12 09:43:14] === Starting Firehose Health Check ===
[2025-10-12 09:43:14] ✅ DEV firehose healthy (last seq: 14255779000)
[2025-10-12 09:43:14] ✅ STG firehose healthy (last seq: 14255779000)
[2025-10-12 09:43:14] ✅ All services healthy
[2025-10-12 09:48:14] === Starting Firehose Health Check ===
[2025-10-12 09:48:14] ✅ DEV firehose healthy (last seq: 14255846000)
[2025-10-12 09:48:14] ✅ STG firehose healthy (last seq: 14255847000)
[2025-10-12 09:48:14] ✅ All services healthy
[2025-10-12 09:53:14] === Starting Firehose Health Check ===
[2025-10-12 09:53:14] ✅ DEV firehose healthy (last seq: 14255913000)
[2025-10-12 09:53:14] ✅ STG firehose healthy (last seq: 14255913000)
[2025-10-12 09:53:14] ✅ All services healthy
[2025-10-12 09:58:14] === Starting Firehose Health Check ===
[2025-10-12 09:58:14] ✅ DEV firehose healthy (last seq: 14255978000)
[2025-10-12 09:58:14] ✅ STG firehose healthy (last seq: 14255978000)
[2025-10-12 09:58:14] ✅ All services healthy
[2025-10-12 10:03:14] === Starting Firehose Health Check ===
[2025-10-12 10:03:14] ✅ DEV firehose healthy (last seq: 14256046000)
[2025-10-12 10:03:14] ✅ STG firehose healthy (last seq: 14256046000)
[2025-10-12 10:03:14] ✅ All services healthy
[2025-10-12 10:08:14] === Starting Firehose Health Check ===
[2025-10-12 10:08:14] ✅ DEV firehose healthy (last seq: 14256113000)
[2025-10-12 10:08:14] ✅ STG firehose healthy (last seq: 14256113000)
[2025-10-12 10:08:14] ✅ All services healthy
[2025-10-12 10:13:14] === Starting Firehose Health Check ===
[2025-10-12 10:13:14] ✅ DEV firehose healthy (last seq: 14256180000)
[2025-10-12 10:13:14] ✅ STG firehose healthy (last seq: 14256180000)
[2025-10-12 10:13:14] ✅ All services healthy
[2025-10-12 10:18:14] === Starting Firehose Health Check ===
[2025-10-12 10:18:14] ✅ DEV firehose healthy (last seq: 14256248000)
[2025-10-12 10:18:14] ✅ STG firehose healthy (last seq: 14256248000)
[2025-10-12 10:18:14] ✅ All services healthy
[2025-10-12 10:23:14] === Starting Firehose Health Check ===
[2025-10-12 10:23:14] ✅ DEV firehose healthy (last seq: 14256316000)
[2025-10-12 10:23:14] ✅ STG firehose healthy (last seq: 14256316000)
[2025-10-12 10:23:14] ✅ All services healthy
[2025-10-12 10:28:14] === Starting Firehose Health Check ===
[2025-10-12 10:28:14] ✅ DEV firehose healthy (last seq: 14256384000)
[2025-10-12 10:28:14] ✅ STG firehose healthy (last seq: 14256384000)
[2025-10-12 10:28:14] ✅ All services healthy
[2025-10-12 10:33:14] === Starting Firehose Health Check ===
[2025-10-12 10:33:14] ✅ DEV firehose healthy (last seq: 14256455000)
[2025-10-12 10:33:14] ✅ STG firehose healthy (last seq: 14256455000)
[2025-10-12 10:33:14] ✅ All services healthy
[2025-10-12 10:38:14] === Starting Firehose Health Check ===
[2025-10-12 10:38:14] ✅ DEV firehose healthy (last seq: 14256527000)
[2025-10-12 10:38:14] ✅ STG firehose healthy (last seq: 14256527000)
[2025-10-12 10:38:14] ✅ All services healthy
[2025-10-12 10:43:14] === Starting Firehose Health Check ===
[2025-10-12 10:43:14] ✅ DEV firehose healthy (last seq: 14256599000)
[2025-10-12 10:43:14] ✅ STG firehose healthy (last seq: 14256599000)
[2025-10-12 10:43:14] ✅ All services healthy
[2025-10-12 10:48:14] === Starting Firehose Health Check ===
[2025-10-12 10:48:14] ✅ DEV firehose healthy (last seq: 14256672000)
[2025-10-12 10:48:14] ✅ STG firehose healthy (last seq: 14256673000)
[2025-10-12 10:48:14] ✅ All services healthy
[2025-10-12 10:53:14] === Starting Firehose Health Check ===
[2025-10-12 10:53:14] ✅ DEV firehose healthy (last seq: 14256746000)
[2025-10-12 10:53:14] ✅ STG firehose healthy (last seq: 14256746000)
[2025-10-12 10:53:14] ✅ All services healthy
[2025-10-12 10:58:14] === Starting Firehose Health Check ===
[2025-10-12 10:58:14] ✅ DEV firehose healthy (last seq: 14256819000)
[2025-10-12 10:58:14] ✅ STG firehose healthy (last seq: 14256819000)
[2025-10-12 10:58:14] ✅ All services healthy
[2025-10-12 11:03:14] === Starting Firehose Health Check ===
[2025-10-12 11:03:14] ✅ DEV firehose healthy (last seq: 14256895000)
[2025-10-12 11:03:14] ✅ STG firehose healthy (last seq: 14256895000)
[2025-10-12 11:03:14] ✅ All services healthy
[2025-10-12 11:08:14] === Starting Firehose Health Check ===
[2025-10-12 11:08:14] ✅ DEV firehose healthy (last seq: 14256972000)
[2025-10-12 11:08:14] ✅ STG firehose healthy (last seq: 14256972000)
[2025-10-12 11:08:14] ✅ All services healthy
[2025-10-12 11:13:14] === Starting Firehose Health Check ===
[2025-10-12 11:13:14] ✅ DEV firehose healthy (last seq: 14257049000)
[2025-10-12 11:13:14] ✅ STG firehose healthy (last seq: 14257049000)
[2025-10-12 11:13:15] ✅ All services healthy
[2025-10-12 11:18:14] === Starting Firehose Health Check ===
[2025-10-12 11:18:14] ✅ DEV firehose healthy (last seq: 14257125000)
[2025-10-12 11:18:15] ✅ STG firehose healthy (last seq: 14257125000)
[2025-10-12 11:18:15] ✅ All services healthy
[2025-10-12 11:23:14] === Starting Firehose Health Check ===
[2025-10-12 11:23:14] ✅ DEV firehose healthy (last seq: 14257203000)
[2025-10-12 11:23:15] ✅ STG firehose healthy (last seq: 14257203000)
[2025-10-12 11:23:15] ✅ All services healthy
[2025-10-12 11:28:14] === Starting Firehose Health Check ===
[2025-10-12 11:28:15] ✅ DEV firehose healthy (last seq: 14257285000)
[2025-10-12 11:28:15] ✅ STG firehose healthy (last seq: 14257285000)
[2025-10-12 11:28:15] ✅ All services healthy
[2025-10-12 11:33:15] === Starting Firehose Health Check ===
[2025-10-12 11:33:15] ✅ DEV firehose healthy (last seq: 14257366000)
[2025-10-12 11:33:15] ✅ STG firehose healthy (last seq: 14257366000)
[2025-10-12 11:33:15] ✅ All services healthy
[2025-10-12 11:38:15] === Starting Firehose Health Check ===
[2025-10-12 11:38:15] ✅ DEV firehose healthy (last seq: 14257446000)
[2025-10-12 11:38:15] ✅ STG firehose healthy (last seq: 14257446000)
[2025-10-12 11:38:15] ✅ All services healthy
[2025-10-12 11:43:15] === Starting Firehose Health Check ===
[2025-10-12 11:43:15] ✅ DEV firehose healthy (last seq: 14257528000)
[2025-10-12 11:43:15] ✅ STG firehose healthy (last seq: 14257528000)
[2025-10-12 11:43:15] ✅ All services healthy
[2025-10-12 11:48:15] === Starting Firehose Health Check ===
[2025-10-12 11:48:15] ✅ DEV firehose healthy (last seq: 14257611000)
[2025-10-12 11:48:15] ✅ STG firehose healthy (last seq: 14257611000)
[2025-10-12 11:48:15] ✅ All services healthy
[2025-10-12 11:53:15] === Starting Firehose Health Check ===
[2025-10-12 11:53:15] ✅ DEV firehose healthy (last seq: 14257698000)
[2025-10-12 11:53:15] ✅ STG firehose healthy (last seq: 14257698000)
[2025-10-12 11:53:15] ✅ All services healthy
[2025-10-12 11:58:15] === Starting Firehose Health Check ===
[2025-10-12 11:58:15] ✅ DEV firehose healthy (last seq: 14257788000)
[2025-10-12 11:58:15] ✅ STG firehose healthy (last seq: 14257788000)
[2025-10-12 11:58:15] ✅ All services healthy
[2025-10-12 12:03:15] === Starting Firehose Health Check ===
[2025-10-12 12:03:15] ✅ DEV firehose healthy (last seq: 14257883000)
[2025-10-12 12:03:15] ✅ STG firehose healthy (last seq: 14257883000)
[2025-10-12 12:03:15] ✅ All services healthy
[2025-10-12 12:08:15] === Starting Firehose Health Check ===
[2025-10-12 12:08:15] ✅ DEV firehose healthy (last seq: 14257975000)
[2025-10-12 12:08:15] ✅ STG firehose healthy (last seq: 14257975000)
[2025-10-12 12:08:15] ✅ All services healthy
[2025-10-12 12:13:15] === Starting Firehose Health Check ===
[2025-10-12 12:13:15] ✅ DEV firehose healthy (last seq: 14258069000)
[2025-10-12 12:13:15] ✅ STG firehose healthy (last seq: 14258069000)
[2025-10-12 12:13:15] ✅ All services healthy
[2025-10-12 12:18:15] === Starting Firehose Health Check ===
[2025-10-12 12:18:15] ✅ DEV firehose healthy (last seq: 14258163000)
[2025-10-12 12:18:15] ✅ STG firehose healthy (last seq: 14258163000)
[2025-10-12 12:18:15] ✅ All services healthy
[2025-10-12 12:23:15] === Starting Firehose Health Check ===
[2025-10-12 12:23:15] ✅ DEV firehose healthy (last seq: 14258258000)
[2025-10-12 12:23:15] ✅ STG firehose healthy (last seq: 14258258000)
[2025-10-12 12:23:15] ✅ All services healthy
[2025-10-12 12:28:15] === Starting Firehose Health Check ===
[2025-10-12 12:28:15] ✅ DEV firehose healthy (last seq: 14258354000)
[2025-10-12 12:28:15] ✅ STG firehose healthy (last seq: 14258354000)
[2025-10-12 12:28:15] ✅ All services healthy
[2025-10-12 12:33:15] === Starting Firehose Health Check ===
[2025-10-12 12:33:15] ✅ DEV firehose healthy (last seq: 14258453000)
[2025-10-12 12:33:15] ✅ STG firehose healthy (last seq: 14258453000)
[2025-10-12 12:33:15] ✅ All services healthy
[2025-10-12 12:38:15] === Starting Firehose Health Check ===
[2025-10-12 12:38:15] ✅ DEV firehose healthy (last seq: 14258552000)
[2025-10-12 12:38:15] ✅ STG firehose healthy (last seq: 14258552000)
[2025-10-12 12:38:15] ✅ All services healthy
[2025-10-12 12:43:15] === Starting Firehose Health Check ===
[2025-10-12 12:43:15] ✅ DEV firehose healthy (last seq: 14258653000)
[2025-10-12 12:43:15] ✅ STG firehose healthy (last seq: 14258653000)
[2025-10-12 12:43:15] ✅ All services healthy
[2025-10-12 12:48:15] === Starting Firehose Health Check ===
[2025-10-12 12:48:15] ✅ DEV firehose healthy (last seq: 14258754000)
[2025-10-12 12:48:15] ✅ STG firehose healthy (last seq: 14258754000)
[2025-10-12 12:48:15] ✅ All services healthy
[2025-10-12 12:53:15] === Starting Firehose Health Check ===
[2025-10-12 12:53:15] ✅ DEV firehose healthy (last seq: 14258858000)
[2025-10-12 12:53:15] ✅ STG firehose healthy (last seq: 14258858000)
[2025-10-12 12:53:15] ✅ All services healthy
[2025-10-12 12:58:15] === Starting Firehose Health Check ===
[2025-10-12 12:58:15] ✅ DEV firehose healthy (last seq: 14258964000)
[2025-10-12 12:58:15] ✅ STG firehose healthy (last seq: 14258964000)
[2025-10-12 12:58:15] ✅ All services healthy
[2025-10-12 13:03:15] === Starting Firehose Health Check ===
[2025-10-12 13:03:15] ✅ DEV firehose healthy (last seq: 14259074000)
[2025-10-12 13:03:15] ✅ STG firehose healthy (last seq: 14259074000)
[2025-10-12 13:03:15] ✅ All services healthy
[2025-10-12 13:08:15] === Starting Firehose Health Check ===
[2025-10-12 13:08:15] ✅ DEV firehose healthy (last seq: 14259184000)
[2025-10-12 13:08:15] ✅ STG firehose healthy (last seq: 14259184000)
[2025-10-12 13:08:15] ✅ All services healthy
[2025-10-12 13:13:15] === Starting Firehose Health Check ===
[2025-10-12 13:13:15] ✅ DEV firehose healthy (last seq: 14259291000)
[2025-10-12 13:13:15] ✅ STG firehose healthy (last seq: 14259291000)
[2025-10-12 13:13:15] ✅ All services healthy
[2025-10-12 13:18:15] === Starting Firehose Health Check ===
[2025-10-12 13:18:15] ✅ DEV firehose healthy (last seq: 14259400000)
[2025-10-12 13:18:15] ✅ STG firehose healthy (last seq: 14259400000)
[2025-10-12 13:18:15] ✅ All services healthy
[2025-10-12 13:23:15] === Starting Firehose Health Check ===
[2025-10-12 13:23:15] ✅ DEV firehose healthy (last seq: 14259512000)
[2025-10-12 13:23:15] ✅ STG firehose healthy (last seq: 14259512000)
[2025-10-12 13:23:15] ✅ All services healthy
[2025-10-12 13:28:15] === Starting Firehose Health Check ===
[2025-10-12 13:28:15] ✅ DEV firehose healthy (last seq: 14259623000)
[2025-10-12 13:28:15] ✅ STG firehose healthy (last seq: 14259623000)
[2025-10-12 13:28:15] ✅ All services healthy
[2025-10-12 13:33:15] === Starting Firehose Health Check ===
[2025-10-12 13:33:15] ✅ DEV firehose healthy (last seq: 14259738000)
[2025-10-12 13:33:15] ✅ STG firehose healthy (last seq: 14259738000)
[2025-10-12 13:33:15] ✅ All services healthy
[2025-10-12 13:38:15] === Starting Firehose Health Check ===
[2025-10-12 13:38:15] ✅ DEV firehose healthy (last seq: 14259853000)
[2025-10-12 13:38:15] ✅ STG firehose healthy (last seq: 14259853000)
[2025-10-12 13:38:15] ✅ All services healthy
[2025-10-12 13:43:15] === Starting Firehose Health Check ===
[2025-10-12 13:43:15] ✅ DEV firehose healthy (last seq: 14259970000)
[2025-10-12 13:43:15] ✅ STG firehose healthy (last seq: 14259970000)
[2025-10-12 13:43:15] ✅ All services healthy
[2025-10-12 13:48:15] === Starting Firehose Health Check ===
[2025-10-12 13:48:15] ✅ DEV firehose healthy (last seq: 14260088000)
[2025-10-12 13:48:15] ✅ STG firehose healthy (last seq: 14260088000)
[2025-10-12 13:48:15] ✅ All services healthy
[2025-10-12 13:53:15] === Starting Firehose Health Check ===
[2025-10-12 13:53:15] ✅ DEV firehose healthy (last seq: 14260207000)
[2025-10-12 13:53:16] ✅ STG firehose healthy (last seq: 14260207000)
[2025-10-12 13:53:16] ✅ All services healthy
[2025-10-12 13:58:15] === Starting Firehose Health Check ===
[2025-10-12 13:58:15] ✅ DEV firehose healthy (last seq: 14260325000)
[2025-10-12 13:58:16] ✅ STG firehose healthy (last seq: 14260325000)
[2025-10-12 13:58:16] ✅ All services healthy
[2025-10-12 14:03:15] === Starting Firehose Health Check ===
[2025-10-12 14:03:16] ✅ DEV firehose healthy (last seq: 14260444000)
[2025-10-12 14:03:16] ✅ STG firehose healthy (last seq: 14260444000)
[2025-10-12 14:03:16] ✅ All services healthy
[2025-10-12 14:08:15] === Starting Firehose Health Check ===
[2025-10-12 14:08:16] ✅ DEV firehose healthy (last seq: 14260562000)
[2025-10-12 14:08:16] ✅ STG firehose healthy (last seq: 14260562000)
[2025-10-12 14:08:16] ✅ All services healthy
[2025-10-12 14:13:16] === Starting Firehose Health Check ===
[2025-10-12 14:13:16] ✅ DEV firehose healthy (last seq: 14260682000)
[2025-10-12 14:13:16] ✅ STG firehose healthy (last seq: 14260682000)
[2025-10-12 14:13:16] ✅ All services healthy
[2025-10-12 14:18:16] === Starting Firehose Health Check ===
[2025-10-12 14:18:16] ✅ DEV firehose healthy (last seq: 14260804000)
[2025-10-12 14:18:16] ✅ STG firehose healthy (last seq: 14260804000)
[2025-10-12 14:18:16] ✅ All services healthy
[2025-10-12 14:23:16] === Starting Firehose Health Check ===
[2025-10-12 14:23:16] ✅ DEV firehose healthy (last seq: 14260924000)
[2025-10-12 14:23:16] ✅ STG firehose healthy (last seq: 14260924000)
[2025-10-12 14:23:16] ✅ All services healthy
[2025-10-12 14:28:16] === Starting Firehose Health Check ===
[2025-10-12 14:28:16] ✅ DEV firehose healthy (last seq: 14261045000)
[2025-10-12 14:28:16] ✅ STG firehose healthy (last seq: 14261045000)
[2025-10-12 14:28:16] ✅ All services healthy
[2025-10-12 14:33:16] === Starting Firehose Health Check ===
[2025-10-12 14:33:16] ✅ DEV firehose healthy (last seq: 14261167000)
[2025-10-12 14:33:16] ✅ STG firehose healthy (last seq: 14261167000)
[2025-10-12 14:33:16] ✅ All services healthy
[2025-10-12 14:38:16] === Starting Firehose Health Check ===
[2025-10-12 14:38:16] ✅ DEV firehose healthy (last seq: 14261290000)
[2025-10-12 14:38:16] ✅ STG firehose healthy (last seq: 14261290000)
[2025-10-12 14:38:16] ✅ All services healthy
[2025-10-12 14:43:16] === Starting Firehose Health Check ===
[2025-10-12 14:43:16] ✅ DEV firehose healthy (last seq: 14261414000)
[2025-10-12 14:43:16] ✅ STG firehose healthy (last seq: 14261414000)
[2025-10-12 14:43:16] ✅ All services healthy
[2025-10-12 14:48:16] === Starting Firehose Health Check ===
[2025-10-12 14:48:16] ✅ DEV firehose healthy (last seq: 14261540000)
[2025-10-12 14:48:16] ✅ STG firehose healthy (last seq: 14261540000)
[2025-10-12 14:48:16] ✅ All services healthy
[2025-10-12 14:53:16] === Starting Firehose Health Check ===
[2025-10-12 14:53:16] ✅ DEV firehose healthy (last seq: 14261669000)
[2025-10-12 14:53:16] ✅ STG firehose healthy (last seq: 14261669000)
[2025-10-12 14:53:16] ✅ All services healthy
[2025-10-12 14:58:16] === Starting Firehose Health Check ===
[2025-10-12 14:58:16] ✅ DEV firehose healthy (last seq: 14261796000)
[2025-10-12 14:58:16] ✅ STG firehose healthy (last seq: 14261796000)
[2025-10-12 14:58:16] ✅ All services healthy
[2025-10-12 15:03:16] === Starting Firehose Health Check ===
[2025-10-12 15:03:16] ✅ DEV firehose healthy (last seq: 14261927000)
[2025-10-12 15:03:16] ✅ STG firehose healthy (last seq: 14261927000)
[2025-10-12 15:03:16] ✅ All services healthy
[2025-10-12 15:08:16] === Starting Firehose Health Check ===
[2025-10-12 15:08:16] ✅ DEV firehose healthy (last seq: 14262056000)
[2025-10-12 15:08:16] ✅ STG firehose healthy (last seq: 14262056000)
[2025-10-12 15:08:16] ✅ All services healthy
[2025-10-12 15:13:16] === Starting Firehose Health Check ===
[2025-10-12 15:13:16] ✅ DEV firehose healthy (last seq: 14262187000)
[2025-10-12 15:13:16] ✅ STG firehose healthy (last seq: 14262187000)
[2025-10-12 15:13:16] ✅ All services healthy
[2025-10-12 15:18:16] === Starting Firehose Health Check ===
[2025-10-12 15:18:16] ✅ DEV firehose healthy (last seq: 14262318000)
[2025-10-12 15:18:16] ✅ STG firehose healthy (last seq: 14262318000)
[2025-10-12 15:18:16] ✅ All services healthy
[2025-10-12 15:23:16] === Starting Firehose Health Check ===
[2025-10-12 15:23:16] ✅ DEV firehose healthy (last seq: 14262447000)
[2025-10-12 15:23:16] ✅ STG firehose healthy (last seq: 14262447000)
[2025-10-12 15:23:16] ✅ All services healthy
[2025-10-12 15:28:16] === Starting Firehose Health Check ===
[2025-10-12 15:28:16] ✅ DEV firehose healthy (last seq: 14262576000)
[2025-10-12 15:28:16] ✅ STG firehose healthy (last seq: 14262576000)
[2025-10-12 15:28:16] ✅ All services healthy
[2025-10-12 15:33:16] === Starting Firehose Health Check ===
[2025-10-12 15:33:16] ✅ DEV firehose healthy (last seq: 14262708000)
[2025-10-12 15:33:16] ✅ STG firehose healthy (last seq: 14262708000)
[2025-10-12 15:33:16] ✅ All services healthy
[2025-10-12 15:38:16] === Starting Firehose Health Check ===
[2025-10-12 15:38:16] ✅ DEV firehose healthy (last seq: 14262839000)
[2025-10-12 15:38:16] ✅ STG firehose healthy (last seq: 14262839000)
[2025-10-12 15:38:16] ✅ All services healthy
[2025-10-12 15:43:16] === Starting Firehose Health Check ===
[2025-10-12 15:43:16] ✅ DEV firehose healthy (last seq: 14262971000)
[2025-10-12 15:43:16] ✅ STG firehose healthy (last seq: 14262971000)
[2025-10-12 15:43:16] ✅ All services healthy
[2025-10-12 15:48:16] === Starting Firehose Health Check ===
[2025-10-12 15:48:16] ✅ DEV firehose healthy (last seq: 14263103000)
[2025-10-12 15:48:16] ✅ STG firehose healthy (last seq: 14263103000)
[2025-10-12 15:48:16] ✅ All services healthy
[2025-10-12 15:53:16] === Starting Firehose Health Check ===
[2025-10-12 15:53:16] ✅ DEV firehose healthy (last seq: 14263235000)
[2025-10-12 15:53:16] ✅ STG firehose healthy (last seq: 14263235000)
[2025-10-12 15:53:16] ✅ All services healthy
[2025-10-12 15:58:16] === Starting Firehose Health Check ===
[2025-10-12 15:58:16] ✅ DEV firehose healthy (last seq: 14263368000)
[2025-10-12 15:58:16] ✅ STG firehose healthy (last seq: 14263368000)
[2025-10-12 15:58:16] ✅ All services healthy
[2025-10-12 16:03:16] === Starting Firehose Health Check ===
[2025-10-12 16:03:16] ✅ DEV firehose healthy (last seq: 14263504000)
[2025-10-12 16:03:16] ✅ STG firehose healthy (last seq: 14263504000)
[2025-10-12 16:03:16] ✅ All services healthy
[2025-10-12 16:08:16] === Starting Firehose Health Check ===
[2025-10-12 16:08:16] ✅ DEV firehose healthy (last seq: 14263637000)
[2025-10-12 16:08:16] ✅ STG firehose healthy (last seq: 14263637000)
[2025-10-12 16:08:16] ✅ All services healthy
[2025-10-12 16:13:16] === Starting Firehose Health Check ===
[2025-10-12 16:13:16] ✅ DEV firehose healthy (last seq: 14263767000)
[2025-10-12 16:13:16] ✅ STG firehose healthy (last seq: 14263767000)
[2025-10-12 16:13:16] ✅ All services healthy
[2025-10-12 16:18:16] === Starting Firehose Health Check ===
[2025-10-12 16:18:16] ✅ DEV firehose healthy (last seq: 14263897000)
[2025-10-12 16:18:16] ✅ STG firehose healthy (last seq: 14263897000)
[2025-10-12 16:18:16] ✅ All services healthy
[2025-10-12 16:23:16] === Starting Firehose Health Check ===
[2025-10-12 16:23:16] ✅ DEV firehose healthy (last seq: 14264028000)
[2025-10-12 16:23:16] ✅ STG firehose healthy (last seq: 14264028000)
[2025-10-12 16:23:16] ✅ All services healthy
[2025-10-12 16:28:16] === Starting Firehose Health Check ===
[2025-10-12 16:28:16] ✅ DEV firehose healthy (last seq: 14264162000)
[2025-10-12 16:28:16] ✅ STG firehose healthy (last seq: 14264162000)
[2025-10-12 16:28:17] ✅ All services healthy
[2025-10-12 16:33:16] === Starting Firehose Health Check ===
[2025-10-12 16:33:16] ✅ DEV firehose healthy (last seq: 14264297000)
[2025-10-12 16:33:16] ✅ STG firehose healthy (last seq: 14264297000)
[2025-10-12 16:33:17] ✅ All services healthy
[2025-10-12 16:38:16] === Starting Firehose Health Check ===
[2025-10-12 16:38:16] ✅ DEV firehose healthy (last seq: 14264433000)
[2025-10-12 16:38:17] ✅ STG firehose healthy (last seq: 14264433000)
[2025-10-12 16:38:17] ✅ All services healthy
[2025-10-12 16:43:16] === Starting Firehose Health Check ===
[2025-10-12 16:43:16] ✅ DEV firehose healthy (last seq: 14264571000)
[2025-10-12 16:43:17] ✅ STG firehose healthy (last seq: 14264571000)
[2025-10-12 16:43:17] ✅ All services healthy
[2025-10-12 16:48:16] === Starting Firehose Health Check ===
[2025-10-12 16:48:17] ✅ DEV firehose healthy (last seq: 14264705000)
[2025-10-12 16:48:17] ✅ STG firehose healthy (last seq: 14264705000)
[2025-10-12 16:48:17] ✅ All services healthy
[2025-10-12 16:53:17] === Starting Firehose Health Check ===
[2025-10-12 16:53:17] ✅ DEV firehose healthy (last seq: 14264836000)
[2025-10-12 16:53:17] ✅ STG firehose healthy (last seq: 14264836000)
[2025-10-12 16:53:17] ✅ All services healthy
[2025-10-12 16:58:17] === Starting Firehose Health Check ===
[2025-10-12 16:58:17] ✅ DEV firehose healthy (last seq: 14264968000)
[2025-10-12 16:58:17] ✅ STG firehose healthy (last seq: 14264968000)
[2025-10-12 16:58:17] ✅ All services healthy
[2025-10-12 17:03:17] === Starting Firehose Health Check ===
[2025-10-12 17:03:17] ✅ DEV firehose healthy (last seq: 14265102000)
[2025-10-12 17:03:17] ✅ STG firehose healthy (last seq: 14265102000)
[2025-10-12 17:03:17] ✅ All services healthy
[2025-10-12 17:08:17] === Starting Firehose Health Check ===
[2025-10-12 17:08:17] ✅ DEV firehose healthy (last seq: 14265232000)
[2025-10-12 17:08:17] ✅ STG firehose healthy (last seq: 14265232000)
[2025-10-12 17:08:17] ✅ All services healthy
[2025-10-12 17:13:17] === Starting Firehose Health Check ===
[2025-10-12 17:13:17] ✅ DEV firehose healthy (last seq: 14265365000)
[2025-10-12 17:13:17] ✅ STG firehose healthy (last seq: 14265365000)
[2025-10-12 17:13:17] ✅ All services healthy
[2025-10-12 17:18:17] === Starting Firehose Health Check ===
[2025-10-12 17:18:17] ✅ DEV firehose healthy (last seq: 14265498000)
[2025-10-12 17:18:17] ✅ STG firehose healthy (last seq: 14265498000)
[2025-10-12 17:18:17] ✅ All services healthy
[2025-10-12 17:23:17] === Starting Firehose Health Check ===
[2025-10-12 17:23:17] ✅ DEV firehose healthy (last seq: 14265631000)
[2025-10-12 17:23:17] ✅ STG firehose healthy (last seq: 14265631000)
[2025-10-12 17:23:17] ✅ All services healthy
[2025-10-12 17:28:17] === Starting Firehose Health Check ===
[2025-10-12 17:28:17] ✅ DEV firehose healthy (last seq: 14265763000)
[2025-10-12 17:28:17] ✅ STG firehose healthy (last seq: 14265763000)
[2025-10-12 17:28:17] ✅ All services healthy
[2025-10-12 17:33:17] === Starting Firehose Health Check ===
[2025-10-12 17:33:17] ✅ DEV firehose healthy (last seq: 14265894000)
[2025-10-12 17:33:17] ✅ STG firehose healthy (last seq: 14265894000)
[2025-10-12 17:33:17] ✅ All services healthy
[2025-10-12 17:38:17] === Starting Firehose Health Check ===
[2025-10-12 17:38:17] ✅ DEV firehose healthy (last seq: 14266025000)
[2025-10-12 17:38:17] ✅ STG firehose healthy (last seq: 14266025000)
[2025-10-12 17:38:17] ✅ All services healthy
[2025-10-12 17:43:17] === Starting Firehose Health Check ===
[2025-10-12 17:43:17] ✅ DEV firehose healthy (last seq: 14266156000)
[2025-10-12 17:43:17] ✅ STG firehose healthy (last seq: 14266156000)
[2025-10-12 17:43:17] ✅ All services healthy
[2025-10-12 17:48:17] === Starting Firehose Health Check ===
[2025-10-12 17:48:17] ✅ DEV firehose healthy (last seq: 14266287000)
[2025-10-12 17:48:17] ✅ STG firehose healthy (last seq: 14266287000)
[2025-10-12 17:48:17] ✅ All services healthy
[2025-10-12 17:53:17] === Starting Firehose Health Check ===
[2025-10-12 17:53:17] ✅ DEV firehose healthy (last seq: 14266418000)
[2025-10-12 17:53:17] ✅ STG firehose healthy (last seq: 14266418000)
[2025-10-12 17:53:17] ✅ All services healthy
[2025-10-12 17:58:17] === Starting Firehose Health Check ===
[2025-10-12 17:58:17] ✅ DEV firehose healthy (last seq: 14266549000)
[2025-10-12 17:58:17] ✅ STG firehose healthy (last seq: 14266549000)
[2025-10-12 17:58:17] ✅ All services healthy
[2025-10-12 18:03:17] === Starting Firehose Health Check ===
[2025-10-12 18:03:17] ✅ DEV firehose healthy (last seq: 14266679000)
[2025-10-12 18:03:17] ✅ STG firehose healthy (last seq: 14266679000)
[2025-10-12 18:03:17] ✅ All services healthy
[2025-10-12 18:08:17] === Starting Firehose Health Check ===
[2025-10-12 18:08:17] ✅ DEV firehose healthy (last seq: 14266812000)
[2025-10-12 18:08:17] ✅ STG firehose healthy (last seq: 14266812000)
[2025-10-12 18:08:17] ✅ All services healthy
[2025-10-12 18:13:17] === Starting Firehose Health Check ===
[2025-10-12 18:13:17] ✅ DEV firehose healthy (last seq: 14266946000)
[2025-10-12 18:13:17] ✅ STG firehose healthy (last seq: 14266946000)
[2025-10-12 18:13:17] ✅ All services healthy
[2025-10-12 18:18:17] === Starting Firehose Health Check ===
[2025-10-12 18:18:17] ✅ DEV firehose healthy (last seq: 14267079000)
[2025-10-12 18:18:17] ✅ STG firehose healthy (last seq: 14267079000)
[2025-10-12 18:18:17] ✅ All services healthy
[2025-10-12 18:23:17] === Starting Firehose Health Check ===
[2025-10-12 18:23:17] ✅ DEV firehose healthy (last seq: 14267209000)
[2025-10-12 18:23:17] ✅ STG firehose healthy (last seq: 14267209000)
[2025-10-12 18:23:17] ✅ All services healthy
[2025-10-12 18:28:17] === Starting Firehose Health Check ===
[2025-10-12 18:28:17] ✅ DEV firehose healthy (last seq: 14267343000)
[2025-10-12 18:28:17] ✅ STG firehose healthy (last seq: 14267343000)
[2025-10-12 18:28:17] ✅ All services healthy
[2025-10-12 18:33:17] === Starting Firehose Health Check ===
[2025-10-12 18:33:17] ✅ DEV firehose healthy (last seq: 14267477000)
[2025-10-12 18:33:17] ✅ STG firehose healthy (last seq: 14267477000)
[2025-10-12 18:33:17] ✅ All services healthy
[2025-10-12 18:38:17] === Starting Firehose Health Check ===
[2025-10-12 18:38:17] ✅ DEV firehose healthy (last seq: 14267609000)
[2025-10-12 18:38:17] ✅ STG firehose healthy (last seq: 14267609000)
[2025-10-12 18:38:17] ✅ All services healthy
[2025-10-12 18:43:17] === Starting Firehose Health Check ===
[2025-10-12 18:43:17] ✅ DEV firehose healthy (last seq: 14267743000)
[2025-10-12 18:43:17] ✅ STG firehose healthy (last seq: 14267743000)
[2025-10-12 18:43:17] ✅ All services healthy
[2025-10-12 18:48:17] === Starting Firehose Health Check ===
[2025-10-12 18:48:17] ✅ DEV firehose healthy (last seq: 14267874000)
[2025-10-12 18:48:17] ✅ STG firehose healthy (last seq: 14267874000)
[2025-10-12 18:48:17] ✅ All services healthy
[2025-10-12 18:53:17] === Starting Firehose Health Check ===
[2025-10-12 18:53:17] ✅ DEV firehose healthy (last seq: 14268003000)
[2025-10-12 18:53:17] ✅ STG firehose healthy (last seq: 14268003000)
[2025-10-12 18:53:17] ✅ All services healthy
[2025-10-12 18:58:17] === Starting Firehose Health Check ===
[2025-10-12 18:58:17] ✅ DEV firehose healthy (last seq: 14268133000)
[2025-10-12 18:58:17] ✅ STG firehose healthy (last seq: 14268133000)
[2025-10-12 18:58:17] ✅ All services healthy
[2025-10-12 19:03:17] === Starting Firehose Health Check ===
[2025-10-12 19:03:17] ✅ DEV firehose healthy (last seq: 14268264000)
[2025-10-12 19:03:17] ✅ STG firehose healthy (last seq: 14268264000)
[2025-10-12 19:03:17] ✅ All services healthy
[2025-10-12 19:08:17] === Starting Firehose Health Check ===
[2025-10-12 19:08:17] ✅ DEV firehose healthy (last seq: 14268394000)
[2025-10-12 19:08:17] ✅ STG firehose healthy (last seq: 14268394000)
[2025-10-12 19:08:17] ✅ All services healthy
[2025-10-12 19:13:17] === Starting Firehose Health Check ===
[2025-10-12 19:13:17] ✅ DEV firehose healthy (last seq: 14268524000)
[2025-10-12 19:13:17] ✅ STG firehose healthy (last seq: 14268524000)
[2025-10-12 19:13:17] ✅ All services healthy
[2025-10-12 19:18:17] === Starting Firehose Health Check ===
[2025-10-12 19:18:17] ✅ DEV firehose healthy (last seq: 14268655000)
[2025-10-12 19:18:18] ✅ STG firehose healthy (last seq: 14268655000)
[2025-10-12 19:18:18] ✅ All services healthy
[2025-10-12 19:23:17] === Starting Firehose Health Check ===
[2025-10-12 19:23:17] ✅ DEV firehose healthy (last seq: 14268784000)
[2025-10-12 19:23:18] ✅ STG firehose healthy (last seq: 14268784000)
[2025-10-12 19:23:18] ✅ All services healthy
[2025-10-12 19:28:17] === Starting Firehose Health Check ===
[2025-10-12 19:28:18] ✅ DEV firehose healthy (last seq: 14268915000)
[2025-10-12 19:28:18] ✅ STG firehose healthy (last seq: 14268915000)
[2025-10-12 19:28:18] ✅ All services healthy
[2025-10-12 19:33:17] === Starting Firehose Health Check ===
[2025-10-12 19:33:18] ✅ DEV firehose healthy (last seq: 14269047000)
[2025-10-12 19:33:18] ✅ STG firehose healthy (last seq: 14269047000)
[2025-10-12 19:33:18] ✅ All services healthy
[2025-10-12 19:38:18] === Starting Firehose Health Check ===
[2025-10-12 19:38:18] ✅ DEV firehose healthy (last seq: 14269181000)
[2025-10-12 19:38:18] ✅ STG firehose healthy (last seq: 14269181000)
[2025-10-12 19:38:18] ✅ All services healthy
[2025-10-12 19:43:18] === Starting Firehose Health Check ===
[2025-10-12 19:43:18] ✅ DEV firehose healthy (last seq: 14269313000)
[2025-10-12 19:43:18] ✅ STG firehose healthy (last seq: 14269313000)
[2025-10-12 19:43:18] ✅ All services healthy
[2025-10-12 19:48:18] === Starting Firehose Health Check ===
[2025-10-12 19:48:18] ✅ DEV firehose healthy (last seq: 14269444000)
[2025-10-12 19:48:18] ✅ STG firehose healthy (last seq: 14269444000)
[2025-10-12 19:48:18] ✅ All services healthy
[2025-10-12 19:53:18] === Starting Firehose Health Check ===
[2025-10-12 19:53:18] ✅ DEV firehose healthy (last seq: 14269577000)
[2025-10-12 19:53:18] ✅ STG firehose healthy (last seq: 14269577000)
[2025-10-12 19:53:18] ✅ All services healthy
[2025-10-12 19:58:18] === Starting Firehose Health Check ===
[2025-10-12 19:58:18] ✅ DEV firehose healthy (last seq: 14269710000)
[2025-10-12 19:58:18] ✅ STG firehose healthy (last seq: 14269710000)
[2025-10-12 19:58:18] ✅ All services healthy
[2025-10-12 20:03:18] === Starting Firehose Health Check ===
[2025-10-12 20:03:18] ✅ DEV firehose healthy (last seq: 14269844000)
[2025-10-12 20:03:18] ✅ STG firehose healthy (last seq: 14269844000)
[2025-10-12 20:03:18] ✅ All services healthy
[2025-10-12 20:08:18] === Starting Firehose Health Check ===
[2025-10-12 20:08:18] ✅ DEV firehose healthy (last seq: 14269976000)
[2025-10-12 20:08:18] ✅ STG firehose healthy (last seq: 14269976000)
[2025-10-12 20:08:18] ✅ All services healthy
[2025-10-12 20:13:18] === Starting Firehose Health Check ===
[2025-10-12 20:13:18] ✅ DEV firehose healthy (last seq: 14270108000)
[2025-10-12 20:13:18] ✅ STG firehose healthy (last seq: 14270108000)
[2025-10-12 20:13:18] ✅ All services healthy
[2025-10-12 20:18:18] === Starting Firehose Health Check ===
[2025-10-12 20:18:18] ✅ DEV firehose healthy (last seq: 14270242000)
[2025-10-12 20:18:18] ✅ STG firehose healthy (last seq: 14270242000)
[2025-10-12 20:18:18] ✅ All services healthy
[2025-10-12 20:23:18] === Starting Firehose Health Check ===
[2025-10-12 20:23:18] ✅ DEV firehose healthy (last seq: 14270376000)
[2025-10-12 20:23:18] ✅ STG firehose healthy (last seq: 14270376000)
[2025-10-12 20:23:18] ✅ All services healthy
[2025-10-12 20:28:18] === Starting Firehose Health Check ===
[2025-10-12 20:28:18] ✅ DEV firehose healthy (last seq: 14270507000)
[2025-10-12 20:28:18] ✅ STG firehose healthy (last seq: 14270507000)
[2025-10-12 20:28:18] ✅ All services healthy
[2025-10-12 20:33:18] === Starting Firehose Health Check ===
[2025-10-12 20:33:18] ✅ DEV firehose healthy (last seq: 14270637000)
[2025-10-12 20:33:18] ✅ STG firehose healthy (last seq: 14270637000)
[2025-10-12 20:33:18] ✅ All services healthy
[2025-10-12 20:38:18] === Starting Firehose Health Check ===
[2025-10-12 20:38:18] ✅ DEV firehose healthy (last seq: 14270767000)
[2025-10-12 20:38:18] ✅ STG firehose healthy (last seq: 14270767000)
[2025-10-12 20:38:18] ✅ All services healthy
[2025-10-12 20:43:18] === Starting Firehose Health Check ===
[2025-10-12 20:43:18] ✅ DEV firehose healthy (last seq: 14270895000)
[2025-10-12 20:43:18] ✅ STG firehose healthy (last seq: 14270895000)
[2025-10-12 20:43:18] ✅ All services healthy
[2025-10-12 20:48:18] === Starting Firehose Health Check ===
[2025-10-12 20:48:18] ✅ DEV firehose healthy (last seq: 14271027000)
[2025-10-12 20:48:18] ✅ STG firehose healthy (last seq: 14271027000)
[2025-10-12 20:48:18] ✅ All services healthy
[2025-10-12 20:53:18] === Starting Firehose Health Check ===
[2025-10-12 20:53:18] ✅ DEV firehose healthy (last seq: 14271156000)
[2025-10-12 20:53:18] ✅ STG firehose healthy (last seq: 14271156000)
[2025-10-12 20:53:18] ✅ All services healthy
[2025-10-12 20:58:18] === Starting Firehose Health Check ===
[2025-10-12 20:58:18] ✅ DEV firehose healthy (last seq: 14271283000)
[2025-10-12 20:58:18] ✅ STG firehose healthy (last seq: 14271283000)
[2025-10-12 20:58:18] ✅ All services healthy
[2025-10-12 21:03:18] === Starting Firehose Health Check ===
[2025-10-12 21:03:18] ✅ DEV firehose healthy (last seq: 14271412000)
[2025-10-12 21:03:18] ✅ STG firehose healthy (last seq: 14271412000)
[2025-10-12 21:03:18] ✅ All services healthy
[2025-10-12 21:08:18] === Starting Firehose Health Check ===
[2025-10-12 21:08:18] ✅ DEV firehose healthy (last seq: 14271540000)
[2025-10-12 21:08:18] ✅ STG firehose healthy (last seq: 14271540000)
[2025-10-12 21:08:18] ✅ All services healthy
[2025-10-12 21:13:18] === Starting Firehose Health Check ===
[2025-10-12 21:13:18] ✅ DEV firehose healthy (last seq: 14271666000)
[2025-10-12 21:13:18] ✅ STG firehose healthy (last seq: 14271666000)
[2025-10-12 21:13:18] ✅ All services healthy
[2025-10-12 21:18:18] === Starting Firehose Health Check ===
[2025-10-12 21:18:18] ✅ DEV firehose healthy (last seq: 14271792000)
[2025-10-12 21:18:18] ✅ STG firehose healthy (last seq: 14271792000)
[2025-10-12 21:18:18] ✅ All services healthy
[2025-10-12 21:23:18] === Starting Firehose Health Check ===
[2025-10-12 21:23:18] ✅ DEV firehose healthy (last seq: 14271917000)
[2025-10-12 21:23:18] ✅ STG firehose healthy (last seq: 14271917000)
[2025-10-12 21:23:18] ✅ All services healthy
[2025-10-12 21:28:18] === Starting Firehose Health Check ===
[2025-10-12 21:28:18] ✅ DEV firehose healthy (last seq: 14272044000)
[2025-10-12 21:28:18] ✅ STG firehose healthy (last seq: 14272044000)
[2025-10-12 21:28:18] ✅ All services healthy
[2025-10-12 21:33:18] === Starting Firehose Health Check ===
[2025-10-12 21:33:18] ✅ DEV firehose healthy (last seq: 14272170000)
[2025-10-12 21:33:18] ✅ STG firehose healthy (last seq: 14272170000)
[2025-10-12 21:33:18] ✅ All services healthy
[2025-10-12 21:38:18] === Starting Firehose Health Check ===
[2025-10-12 21:38:18] ✅ DEV firehose healthy (last seq: 14272294000)
[2025-10-12 21:38:18] ✅ STG firehose healthy (last seq: 14272294000)
[2025-10-12 21:38:18] ✅ All services healthy
[2025-10-12 21:43:18] === Starting Firehose Health Check ===
[2025-10-12 21:43:18] ✅ DEV firehose healthy (last seq: 14272415000)
[2025-10-12 21:43:18] ✅ STG firehose healthy (last seq: 14272415000)
[2025-10-12 21:43:18] ✅ All services healthy
[2025-10-12 21:48:18] === Starting Firehose Health Check ===
[2025-10-12 21:48:18] ✅ DEV firehose healthy (last seq: 14272536000)
[2025-10-12 21:48:18] ✅ STG firehose healthy (last seq: 14272536000)
[2025-10-12 21:48:18] ✅ All services healthy
[2025-10-12 21:53:18] === Starting Firehose Health Check ===
[2025-10-12 21:53:18] ✅ DEV firehose healthy (last seq: 14272658000)
[2025-10-12 21:53:18] ✅ STG firehose healthy (last seq: 14272658000)
[2025-10-12 21:53:18] ✅ All services healthy
[2025-10-12 21:58:18] === Starting Firehose Health Check ===
[2025-10-12 21:58:18] ✅ DEV firehose healthy (last seq: 14272778000)
[2025-10-12 21:58:18] ✅ STG firehose healthy (last seq: 14272778000)
[2025-10-12 21:58:18] ✅ All services healthy
[2025-10-12 22:03:18] === Starting Firehose Health Check ===
[2025-10-12 22:03:18] ✅ DEV firehose healthy (last seq: 14272901000)
[2025-10-12 22:03:19] ✅ STG firehose healthy (last seq: 14272901000)
[2025-10-12 22:03:19] ✅ All services healthy
[2025-10-12 22:08:18] === Starting Firehose Health Check ===
[2025-10-12 22:08:19] ✅ DEV firehose healthy (last seq: 14273020000)
[2025-10-12 22:08:19] ✅ STG firehose healthy (last seq: 14273020000)
[2025-10-12 22:08:19] ✅ All services healthy
[2025-10-12 22:13:18] === Starting Firehose Health Check ===
[2025-10-12 22:13:19] ✅ DEV firehose healthy (last seq: 14273139000)
[2025-10-12 22:13:19] ✅ STG firehose healthy (last seq: 14273139000)
[2025-10-12 22:13:19] ✅ All services healthy
[2025-10-12 22:18:19] === Starting Firehose Health Check ===
[2025-10-12 22:18:19] ✅ DEV firehose healthy (last seq: 14273258000)
[2025-10-12 22:18:19] ✅ STG firehose healthy (last seq: 14273258000)
[2025-10-12 22:18:19] ✅ All services healthy
[2025-10-12 22:23:19] === Starting Firehose Health Check ===
[2025-10-12 22:23:19] ✅ DEV firehose healthy (last seq: 14273376000)
[2025-10-12 22:23:19] ✅ STG firehose healthy (last seq: 14273376000)
[2025-10-12 22:23:19] ✅ All services healthy
[2025-10-12 22:28:19] === Starting Firehose Health Check ===
[2025-10-12 22:28:19] ✅ DEV firehose healthy (last seq: 14273493000)
[2025-10-12 22:28:19] ✅ STG firehose healthy (last seq: 14273493000)
[2025-10-12 22:28:19] ✅ All services healthy
[2025-10-12 22:33:19] === Starting Firehose Health Check ===
[2025-10-12 22:33:19] ✅ DEV firehose healthy (last seq: 14273608000)
[2025-10-12 22:33:19] ✅ STG firehose healthy (last seq: 14273608000)
[2025-10-12 22:33:19] ✅ All services healthy
[2025-10-12 22:38:19] === Starting Firehose Health Check ===
[2025-10-12 22:38:19] ✅ DEV firehose healthy (last seq: 14273725000)
[2025-10-12 22:38:19] ✅ STG firehose healthy (last seq: 14273725000)
[2025-10-12 22:38:19] ✅ All services healthy
[2025-10-12 22:43:19] === Starting Firehose Health Check ===
[2025-10-12 22:43:19] ✅ DEV firehose healthy (last seq: 14273844000)
[2025-10-12 22:43:19] ✅ STG firehose healthy (last seq: 14273844000)
[2025-10-12 22:43:19] ✅ All services healthy
[2025-10-12 22:48:19] === Starting Firehose Health Check ===
[2025-10-12 22:48:19] ✅ DEV firehose healthy (last seq: 14273961000)
[2025-10-12 22:48:19] ✅ STG firehose healthy (last seq: 14273961000)
[2025-10-12 22:48:19] ✅ All services healthy
[2025-10-12 22:53:19] === Starting Firehose Health Check ===
[2025-10-12 22:53:19] ✅ DEV firehose healthy (last seq: 14274077000)
[2025-10-12 22:53:19] ✅ STG firehose healthy (last seq: 14274077000)
[2025-10-12 22:53:19] ✅ All services healthy
[2025-10-12 22:58:19] === Starting Firehose Health Check ===
[2025-10-12 22:58:19] ✅ DEV firehose healthy (last seq: 14274192000)
[2025-10-12 22:58:19] ✅ STG firehose healthy (last seq: 14274192000)
[2025-10-12 22:58:19] ✅ All services healthy
[2025-10-12 23:03:19] === Starting Firehose Health Check ===
[2025-10-12 23:03:19] ✅ DEV firehose healthy (last seq: 14274307000)
[2025-10-12 23:03:19] ✅ STG firehose healthy (last seq: 14274307000)
[2025-10-12 23:03:19] ✅ All services healthy
[2025-10-12 23:08:19] === Starting Firehose Health Check ===
[2025-10-12 23:08:19] ✅ DEV firehose healthy (last seq: 14274422000)
[2025-10-12 23:08:19] ✅ STG firehose healthy (last seq: 14274422000)
[2025-10-12 23:08:19] ✅ All services healthy
[2025-10-12 23:13:19] === Starting Firehose Health Check ===
[2025-10-12 23:13:19] ✅ DEV firehose healthy (last seq: 14274536000)
[2025-10-12 23:13:19] ✅ STG firehose healthy (last seq: 14274536000)
[2025-10-12 23:13:19] ✅ All services healthy
[2025-10-12 23:18:19] === Starting Firehose Health Check ===
[2025-10-12 23:18:19] ✅ DEV firehose healthy (last seq: 14274649000)
[2025-10-12 23:18:19] ✅ STG firehose healthy (last seq: 14274649000)
[2025-10-12 23:18:19] ✅ All services healthy
[2025-10-12 23:23:19] === Starting Firehose Health Check ===
[2025-10-12 23:23:19] ✅ DEV firehose healthy (last seq: 14274762000)
[2025-10-12 23:23:19] ✅ STG firehose healthy (last seq: 14274762000)
[2025-10-12 23:23:19] ✅ All services healthy
[2025-10-12 23:28:19] === Starting Firehose Health Check ===
[2025-10-12 23:28:19] ✅ DEV firehose healthy (last seq: 14274876000)
[2025-10-12 23:28:19] ✅ STG firehose healthy (last seq: 14274876000)
[2025-10-12 23:28:19] ✅ All services healthy
[2025-10-12 23:33:19] === Starting Firehose Health Check ===
[2025-10-12 23:33:19] ✅ DEV firehose healthy (last seq: 14274989000)
[2025-10-12 23:33:19] ✅ STG firehose healthy (last seq: 14274989000)
[2025-10-12 23:33:19] ✅ All services healthy
[2025-10-12 23:38:19] === Starting Firehose Health Check ===
[2025-10-12 23:38:19] ✅ DEV firehose healthy (last seq: 14275102000)
[2025-10-12 23:38:19] ✅ STG firehose healthy (last seq: 14275102000)
[2025-10-12 23:38:19] ✅ All services healthy
[2025-10-12 23:43:19] === Starting Firehose Health Check ===
[2025-10-12 23:43:19] ✅ DEV firehose healthy (last seq: 14275216000)
[2025-10-12 23:43:19] ✅ STG firehose healthy (last seq: 14275216000)
[2025-10-12 23:43:19] ✅ All services healthy
[2025-10-12 23:48:19] === Starting Firehose Health Check ===
[2025-10-12 23:48:19] ✅ DEV firehose healthy (last seq: 14275327000)
[2025-10-12 23:48:19] ✅ STG firehose healthy (last seq: 14275327000)
[2025-10-12 23:48:19] ✅ All services healthy
[2025-10-12 23:53:19] === Starting Firehose Health Check ===
[2025-10-12 23:53:19] ✅ DEV firehose healthy (last seq: 14275438000)
[2025-10-12 23:53:19] ✅ STG firehose healthy (last seq: 14275438000)
[2025-10-12 23:53:19] ✅ All services healthy
[2025-10-12 23:58:19] === Starting Firehose Health Check ===
[2025-10-12 23:58:19] ✅ DEV firehose healthy (last seq: 14275546000)
[2025-10-12 23:58:19] ✅ STG firehose healthy (last seq: 14275546000)
[2025-10-12 23:58:19] ✅ All services healthy
[2025-10-13 00:03:19] === Starting Firehose Health Check ===
[2025-10-13 00:03:19] ✅ DEV firehose healthy (last seq: 14275655000)
[2025-10-13 00:03:19] ✅ STG firehose healthy (last seq: 14275655000)
[2025-10-13 00:03:19] ✅ All services healthy
[2025-10-13 00:08:19] === Starting Firehose Health Check ===
[2025-10-13 00:08:19] ✅ DEV firehose healthy (last seq: 14275763000)
[2025-10-13 00:08:19] ✅ STG firehose healthy (last seq: 14275763000)
[2025-10-13 00:08:19] ✅ All services healthy
[2025-10-13 00:13:19] === Starting Firehose Health Check ===
[2025-10-13 00:13:19] ✅ DEV firehose healthy (last seq: 14275871000)
[2025-10-13 00:13:19] ✅ STG firehose healthy (last seq: 14275871000)
[2025-10-13 00:13:19] ✅ All services healthy
[2025-10-13 00:18:19] === Starting Firehose Health Check ===
[2025-10-13 00:18:19] ✅ DEV firehose healthy (last seq: 14275979000)
[2025-10-13 00:18:19] ✅ STG firehose healthy (last seq: 14275979000)
[2025-10-13 00:18:19] ✅ All services healthy
[2025-10-13 00:23:19] === Starting Firehose Health Check ===
[2025-10-13 00:23:19] ✅ DEV firehose healthy (last seq: 14276087000)
[2025-10-13 00:23:19] ✅ STG firehose healthy (last seq: 14276087000)
[2025-10-13 00:23:19] ✅ All services healthy
[2025-10-13 00:28:19] === Starting Firehose Health Check ===
[2025-10-13 00:28:19] ✅ DEV firehose healthy (last seq: 14276192000)
[2025-10-13 00:28:19] ✅ STG firehose healthy (last seq: 14276193000)
[2025-10-13 00:28:19] ✅ All services healthy
[2025-10-13 00:33:19] === Starting Firehose Health Check ===
[2025-10-13 00:33:19] ✅ DEV firehose healthy (last seq: 14276300000)
[2025-10-13 00:33:19] ✅ STG firehose healthy (last seq: 14276300000)
[2025-10-13 00:33:19] ✅ All services healthy
[2025-10-13 00:38:19] === Starting Firehose Health Check ===
[2025-10-13 00:38:19] ✅ DEV firehose healthy (last seq: 14276405000)
[2025-10-13 00:38:19] ✅ STG firehose healthy (last seq: 14276406000)
[2025-10-13 00:38:19] ✅ All services healthy
[2025-10-13 00:43:19] === Starting Firehose Health Check ===
[2025-10-13 00:43:19] ✅ DEV firehose healthy (last seq: 14276515000)
[2025-10-13 00:43:19] ✅ STG firehose healthy (last seq: 14276515000)
[2025-10-13 00:43:20] ✅ All services healthy
[2025-10-13 00:48:19] === Starting Firehose Health Check ===
[2025-10-13 00:48:19] ✅ DEV firehose healthy (last seq: 14276622000)
[2025-10-13 00:48:20] ✅ STG firehose healthy (last seq: 14276622000)
[2025-10-13 00:48:20] ✅ All services healthy
[2025-10-13 00:53:19] === Starting Firehose Health Check ===
[2025-10-13 00:53:19] ✅ DEV firehose healthy (last seq: 14276733000)
[2025-10-13 00:53:20] ✅ STG firehose healthy (last seq: 14276733000)
[2025-10-13 00:53:20] ✅ All services healthy
[2025-10-13 00:58:19] === Starting Firehose Health Check ===
[2025-10-13 00:58:20] ✅ DEV firehose healthy (last seq: 14276845000)
[2025-10-13 00:58:20] ✅ STG firehose healthy (last seq: 14276845000)
[2025-10-13 00:58:20] ✅ All services healthy
[2025-10-13 01:03:20] === Starting Firehose Health Check ===
[2025-10-13 01:03:20] ✅ DEV firehose healthy (last seq: 14276956000)
[2025-10-13 01:03:20] ✅ STG firehose healthy (last seq: 14276956000)
[2025-10-13 01:03:20] ✅ All services healthy
[2025-10-13 01:08:20] === Starting Firehose Health Check ===
[2025-10-13 01:08:20] ✅ DEV firehose healthy (last seq: 14277066000)
[2025-10-13 01:08:20] ✅ STG firehose healthy (last seq: 14277066000)
[2025-10-13 01:08:20] ✅ All services healthy
[2025-10-13 01:13:20] === Starting Firehose Health Check ===
[2025-10-13 01:13:20] ✅ DEV firehose healthy (last seq: 14277177000)
[2025-10-13 01:13:20] ✅ STG firehose healthy (last seq: 14277177000)
[2025-10-13 01:13:20] ✅ All services healthy
[2025-10-13 01:18:20] === Starting Firehose Health Check ===
[2025-10-13 01:18:20] ✅ DEV firehose healthy (last seq: 14277285000)
[2025-10-13 01:18:20] ✅ STG firehose healthy (last seq: 14277285000)
[2025-10-13 01:18:20] ✅ All services healthy
[2025-10-13 01:23:20] === Starting Firehose Health Check ===
[2025-10-13 01:23:20] ✅ DEV firehose healthy (last seq: 14277393000)
[2025-10-13 01:23:20] ✅ STG firehose healthy (last seq: 14277393000)
[2025-10-13 01:23:20] ✅ All services healthy
[2025-10-13 01:28:20] === Starting Firehose Health Check ===
[2025-10-13 01:28:20] ✅ DEV firehose healthy (last seq: 14277500000)
[2025-10-13 01:28:20] ✅ STG firehose healthy (last seq: 14277501000)
[2025-10-13 01:28:20] ✅ All services healthy
[2025-10-13 01:33:20] === Starting Firehose Health Check ===
[2025-10-13 01:33:20] ✅ DEV firehose healthy (last seq: 14277605000)
[2025-10-13 01:33:20] ✅ STG firehose healthy (last seq: 14277605000)
[2025-10-13 01:33:20] ✅ All services healthy
[2025-10-13 01:38:20] === Starting Firehose Health Check ===
[2025-10-13 01:38:20] ✅ DEV firehose healthy (last seq: 14277713000)
[2025-10-13 01:38:20] ✅ STG firehose healthy (last seq: 14277713000)
[2025-10-13 01:38:20] ✅ All services healthy
[2025-10-13 01:43:20] === Starting Firehose Health Check ===
[2025-10-13 01:43:20] ✅ DEV firehose healthy (last seq: 14277819000)
[2025-10-13 01:43:20] ✅ STG firehose healthy (last seq: 14277819000)
[2025-10-13 01:43:20] ✅ All services healthy
[2025-10-13 01:48:20] === Starting Firehose Health Check ===
[2025-10-13 01:48:20] ✅ DEV firehose healthy (last seq: 14277924000)
[2025-10-13 01:48:20] ✅ STG firehose healthy (last seq: 14277924000)
[2025-10-13 01:48:20] ✅ All services healthy
[2025-10-13 01:53:20] === Starting Firehose Health Check ===
[2025-10-13 01:53:20] ✅ DEV firehose healthy (last seq: 14278028000)
[2025-10-13 01:53:20] ✅ STG firehose healthy (last seq: 14278028000)
[2025-10-13 01:53:20] ✅ All services healthy
[2025-10-13 01:58:20] === Starting Firehose Health Check ===
[2025-10-13 01:58:20] ✅ DEV firehose healthy (last seq: 14278130000)
[2025-10-13 01:58:20] ✅ STG firehose healthy (last seq: 14278130000)
[2025-10-13 01:58:20] ✅ All services healthy
[2025-10-13 02:03:20] === Starting Firehose Health Check ===
[2025-10-13 02:03:20] ✅ DEV firehose healthy (last seq: 14278235000)
[2025-10-13 02:03:20] ✅ STG firehose healthy (last seq: 14278235000)
[2025-10-13 02:03:20] ✅ All services healthy
[2025-10-13 02:08:20] === Starting Firehose Health Check ===
[2025-10-13 02:08:20] ✅ DEV firehose healthy (last seq: 14278336000)
[2025-10-13 02:08:20] ✅ STG firehose healthy (last seq: 14278336000)
[2025-10-13 02:08:20] ✅ All services healthy
[2025-10-13 02:13:20] === Starting Firehose Health Check ===
[2025-10-13 02:13:20] ✅ DEV firehose healthy (last seq: 14278440000)
[2025-10-13 02:13:20] ✅ STG firehose healthy (last seq: 14278440000)
[2025-10-13 02:13:20] ✅ All services healthy
[2025-10-13 02:18:20] === Starting Firehose Health Check ===
[2025-10-13 02:18:20] ✅ DEV firehose healthy (last seq: 14278543000)
[2025-10-13 02:18:20] ✅ STG firehose healthy (last seq: 14278543000)
[2025-10-13 02:18:20] ✅ All services healthy
[2025-10-13 02:23:20] === Starting Firehose Health Check ===
[2025-10-13 02:23:20] ✅ DEV firehose healthy (last seq: 14278644000)
[2025-10-13 02:23:20] ✅ STG firehose healthy (last seq: 14278644000)
[2025-10-13 02:23:20] ✅ All services healthy
[2025-10-13 02:28:20] === Starting Firehose Health Check ===
[2025-10-13 02:28:20] ✅ DEV firehose healthy (last seq: 14278749000)
[2025-10-13 02:28:20] ✅ STG firehose healthy (last seq: 14278749000)
[2025-10-13 02:28:20] ✅ All services healthy
[2025-10-13 02:33:20] === Starting Firehose Health Check ===
[2025-10-13 02:33:20] ✅ DEV firehose healthy (last seq: 14278849000)
[2025-10-13 02:33:20] ✅ STG firehose healthy (last seq: 14278849000)
[2025-10-13 02:33:20] ✅ All services healthy
[2025-10-13 02:38:20] === Starting Firehose Health Check ===
[2025-10-13 02:38:20] ✅ DEV firehose healthy (last seq: 14278950000)
[2025-10-13 02:38:20] ✅ STG firehose healthy (last seq: 14278950000)
[2025-10-13 02:38:20] ✅ All services healthy
[2025-10-13 02:43:20] === Starting Firehose Health Check ===
[2025-10-13 02:43:20] ✅ DEV firehose healthy (last seq: 14279052000)
[2025-10-13 02:43:20] ✅ STG firehose healthy (last seq: 14279052000)
[2025-10-13 02:43:20] ✅ All services healthy
[2025-10-13 02:48:20] === Starting Firehose Health Check ===
[2025-10-13 02:48:20] ✅ DEV firehose healthy (last seq: 14279152000)
[2025-10-13 02:48:20] ✅ STG firehose healthy (last seq: 14279152000)
[2025-10-13 02:48:20] ✅ All services healthy
[2025-10-13 02:53:20] === Starting Firehose Health Check ===
[2025-10-13 02:53:20] ✅ DEV firehose healthy (last seq: 14279251000)
[2025-10-13 02:53:20] ✅ STG firehose healthy (last seq: 14279251000)
[2025-10-13 02:53:20] ✅ All services healthy
[2025-10-13 02:58:20] === Starting Firehose Health Check ===
[2025-10-13 02:58:20] ✅ DEV firehose healthy (last seq: 14279354000)
[2025-10-13 02:58:20] ✅ STG firehose healthy (last seq: 14279354000)
[2025-10-13 02:58:20] ✅ All services healthy
[2025-10-13 03:03:20] === Starting Firehose Health Check ===
[2025-10-13 03:03:20] ✅ DEV firehose healthy (last seq: 14279453000)
[2025-10-13 03:03:20] ✅ STG firehose healthy (last seq: 14279453000)
[2025-10-13 03:03:20] ✅ All services healthy
[2025-10-13 03:08:20] === Starting Firehose Health Check ===
[2025-10-13 03:08:20] ✅ DEV firehose healthy (last seq: 14279548000)
[2025-10-13 03:08:20] ✅ STG firehose healthy (last seq: 14279548000)
[2025-10-13 03:08:20] ✅ All services healthy
[2025-10-13 03:13:20] === Starting Firehose Health Check ===
[2025-10-13 03:13:20] ✅ DEV firehose healthy (last seq: 14279642000)
[2025-10-13 03:13:20] ✅ STG firehose healthy (last seq: 14279642000)
[2025-10-13 03:13:20] ✅ All services healthy
[2025-10-13 03:18:20] === Starting Firehose Health Check ===
[2025-10-13 03:18:20] ✅ DEV firehose healthy (last seq: 14279735000)
[2025-10-13 03:18:20] ✅ STG firehose healthy (last seq: 14279735000)
[2025-10-13 03:18:20] ✅ All services healthy
[2025-10-13 03:23:20] === Starting Firehose Health Check ===
[2025-10-13 03:23:20] ✅ DEV firehose healthy (last seq: 14279828000)
[2025-10-13 03:23:20] ✅ STG firehose healthy (last seq: 14279828000)
[2025-10-13 03:23:21] ✅ All services healthy
[2025-10-13 03:28:20] === Starting Firehose Health Check ===
[2025-10-13 03:28:20] ✅ DEV firehose healthy (last seq: 14279919000)
[2025-10-13 03:28:21] ✅ STG firehose healthy (last seq: 14279919000)
[2025-10-13 03:28:21] ✅ All services healthy
[2025-10-13 03:33:20] === Starting Firehose Health Check ===
[2025-10-13 03:33:20] ✅ DEV firehose healthy (last seq: 14280011000)
[2025-10-13 03:33:21] ✅ STG firehose healthy (last seq: 14280011000)
[2025-10-13 03:33:21] ✅ All services healthy
[2025-10-13 03:38:20] === Starting Firehose Health Check ===
[2025-10-13 03:38:21] ✅ DEV firehose healthy (last seq: 14280104000)
[2025-10-13 03:38:21] ✅ STG firehose healthy (last seq: 14280104000)
[2025-10-13 03:38:21] ✅ All services healthy
[2025-10-13 03:43:21] === Starting Firehose Health Check ===
[2025-10-13 03:43:21] ✅ DEV firehose healthy (last seq: 14280194000)
[2025-10-13 03:43:21] ✅ STG firehose healthy (last seq: 14280194000)
[2025-10-13 03:43:21] ✅ All services healthy
[2025-10-13 03:48:21] === Starting Firehose Health Check ===
[2025-10-13 03:48:21] ✅ DEV firehose healthy (last seq: 14280283000)
[2025-10-13 03:48:21] ✅ STG firehose healthy (last seq: 14280283000)
[2025-10-13 03:48:21] ✅ All services healthy
[2025-10-13 03:53:21] === Starting Firehose Health Check ===
[2025-10-13 03:53:21] ✅ DEV firehose healthy (last seq: 14280372000)
[2025-10-13 03:53:21] ✅ STG firehose healthy (last seq: 14280372000)
[2025-10-13 03:53:21] ✅ All services healthy
[2025-10-13 03:58:21] === Starting Firehose Health Check ===
[2025-10-13 03:58:21] ✅ DEV firehose healthy (last seq: 14280457000)
[2025-10-13 03:58:21] ✅ STG firehose healthy (last seq: 14280457000)
[2025-10-13 03:58:21] ✅ All services healthy
[2025-10-13 04:03:21] === Starting Firehose Health Check ===
[2025-10-13 04:03:21] ✅ DEV firehose healthy (last seq: 14280542000)
[2025-10-13 04:03:21] ✅ STG firehose healthy (last seq: 14280542000)
[2025-10-13 04:03:21] ✅ All services healthy
[2025-10-13 04:08:21] === Starting Firehose Health Check ===
[2025-10-13 04:08:21] ✅ DEV firehose healthy (last seq: 14280626000)
[2025-10-13 04:08:21] ✅ STG firehose healthy (last seq: 14280626000)
[2025-10-13 04:08:21] ✅ All services healthy
[2025-10-13 04:13:21] === Starting Firehose Health Check ===
[2025-10-13 04:13:21] ✅ DEV firehose healthy (last seq: 14280709000)
[2025-10-13 04:13:21] ✅ STG firehose healthy (last seq: 14280709000)
[2025-10-13 04:13:21] ✅ All services healthy
[2025-10-13 04:18:21] === Starting Firehose Health Check ===
[2025-10-13 04:18:21] ✅ DEV firehose healthy (last seq: 14280793000)
[2025-10-13 04:18:21] ✅ STG firehose healthy (last seq: 14280793000)
[2025-10-13 04:18:21] ✅ All services healthy
[2025-10-13 04:23:21] === Starting Firehose Health Check ===
[2025-10-13 04:23:21] ✅ DEV firehose healthy (last seq: 14280875000)
[2025-10-13 04:23:21] ✅ STG firehose healthy (last seq: 14280875000)
[2025-10-13 04:23:21] ✅ All services healthy
[2025-10-13 04:28:21] === Starting Firehose Health Check ===
[2025-10-13 04:28:21] ✅ DEV firehose healthy (last seq: 14280955000)
[2025-10-13 04:28:21] ✅ STG firehose healthy (last seq: 14280955000)
[2025-10-13 04:28:21] ✅ All services healthy
[2025-10-13 04:33:21] === Starting Firehose Health Check ===
[2025-10-13 04:33:21] ✅ DEV firehose healthy (last seq: 14281034000)
[2025-10-13 04:33:21] ✅ STG firehose healthy (last seq: 14281034000)
[2025-10-13 04:33:21] ✅ All services healthy
[2025-10-13 04:38:21] === Starting Firehose Health Check ===
[2025-10-13 04:38:21] ✅ DEV firehose healthy (last seq: 14281111000)
[2025-10-13 04:38:21] ✅ STG firehose healthy (last seq: 14281112000)
[2025-10-13 04:38:21] ✅ All services healthy
[2025-10-13 04:43:21] === Starting Firehose Health Check ===
[2025-10-13 04:43:21] ✅ DEV firehose healthy (last seq: 14281190000)
[2025-10-13 04:43:21] ✅ STG firehose healthy (last seq: 14281190000)
[2025-10-13 04:43:21] ✅ All services healthy
[2025-10-13 04:48:21] === Starting Firehose Health Check ===
[2025-10-13 04:48:21] ✅ DEV firehose healthy (last seq: 14281269000)
[2025-10-13 04:48:21] ✅ STG firehose healthy (last seq: 14281269000)
[2025-10-13 04:48:21] ✅ All services healthy
[2025-10-13 04:53:21] === Starting Firehose Health Check ===
[2025-10-13 04:53:21] ✅ DEV firehose healthy (last seq: 14281349000)
[2025-10-13 04:53:21] ✅ STG firehose healthy (last seq: 14281349000)
[2025-10-13 04:53:21] ✅ All services healthy
[2025-10-13 04:58:21] === Starting Firehose Health Check ===
[2025-10-13 04:58:21] ✅ DEV firehose healthy (last seq: 14281429000)
[2025-10-13 04:58:21] ✅ STG firehose healthy (last seq: 14281429000)
[2025-10-13 04:58:21] ✅ All services healthy
[2025-10-13 05:03:21] === Starting Firehose Health Check ===
[2025-10-13 05:03:21] ✅ DEV firehose healthy (last seq: 14281509000)
[2025-10-13 05:03:21] ✅ STG firehose healthy (last seq: 14281509000)
[2025-10-13 05:03:21] ✅ All services healthy
[2025-10-13 05:08:21] === Starting Firehose Health Check ===
[2025-10-13 05:08:21] ✅ DEV firehose healthy (last seq: 14281587000)
[2025-10-13 05:08:21] ✅ STG firehose healthy (last seq: 14281587000)
[2025-10-13 05:08:21] ✅ All services healthy
[2025-10-13 05:13:21] === Starting Firehose Health Check ===
[2025-10-13 05:13:21] ✅ DEV firehose healthy (last seq: 14281664000)
[2025-10-13 05:13:21] ✅ STG firehose healthy (last seq: 14281664000)
[2025-10-13 05:13:21] ✅ All services healthy
[2025-10-13 05:18:21] === Starting Firehose Health Check ===
[2025-10-13 05:18:21] ✅ DEV firehose healthy (last seq: 14281743000)
[2025-10-13 05:18:21] ✅ STG firehose healthy (last seq: 14281743000)
[2025-10-13 05:18:21] ✅ All services healthy
[2025-10-13 05:23:21] === Starting Firehose Health Check ===
[2025-10-13 05:23:21] ✅ DEV firehose healthy (last seq: 14281819000)
[2025-10-13 05:23:21] ✅ STG firehose healthy (last seq: 14281819000)
[2025-10-13 05:23:21] ✅ All services healthy
[2025-10-13 05:28:21] === Starting Firehose Health Check ===
[2025-10-13 05:28:21] ✅ DEV firehose healthy (last seq: 14281895000)
[2025-10-13 05:28:21] ✅ STG firehose healthy (last seq: 14281895000)
[2025-10-13 05:28:21] ✅ All services healthy
[2025-10-13 05:33:21] === Starting Firehose Health Check ===
[2025-10-13 05:33:21] ✅ DEV firehose healthy (last seq: 14281970000)
[2025-10-13 05:33:21] ✅ STG firehose healthy (last seq: 14281970000)
[2025-10-13 05:33:21] ✅ All services healthy
[2025-10-13 05:38:21] === Starting Firehose Health Check ===
[2025-10-13 05:38:21] ✅ DEV firehose healthy (last seq: 14282045000)
[2025-10-13 05:38:21] ✅ STG firehose healthy (last seq: 14282045000)
[2025-10-13 05:38:21] ✅ All services healthy
[2025-10-13 05:43:21] === Starting Firehose Health Check ===
[2025-10-13 05:43:21] ✅ DEV firehose healthy (last seq: 14282120000)
[2025-10-13 05:43:21] ✅ STG firehose healthy (last seq: 14282120000)
[2025-10-13 05:43:21] ✅ All services healthy
[2025-10-13 05:48:21] === Starting Firehose Health Check ===
[2025-10-13 05:48:21] ✅ DEV firehose healthy (last seq: 14282195000)
[2025-10-13 05:48:21] ✅ STG firehose healthy (last seq: 14282195000)
[2025-10-13 05:48:21] ✅ All services healthy
[2025-10-13 05:53:21] === Starting Firehose Health Check ===
[2025-10-13 05:53:21] ✅ DEV firehose healthy (last seq: 14282270000)
[2025-10-13 05:53:21] ✅ STG firehose healthy (last seq: 14282270000)
[2025-10-13 05:53:21] ✅ All services healthy
[2025-10-13 05:58:21] === Starting Firehose Health Check ===
[2025-10-13 05:58:21] ✅ DEV firehose healthy (last seq: 14282346000)
[2025-10-13 05:58:21] ✅ STG firehose healthy (last seq: 14282346000)
[2025-10-13 05:58:21] ✅ All services healthy
[2025-10-13 06:03:21] === Starting Firehose Health Check ===
[2025-10-13 06:03:21] ✅ DEV firehose healthy (last seq: 14282421000)
[2025-10-13 06:03:21] ✅ STG firehose healthy (last seq: 14282421000)
[2025-10-13 06:03:21] ✅ All services healthy
[2025-10-13 06:08:21] === Starting Firehose Health Check ===
[2025-10-13 06:08:21] ✅ DEV firehose healthy (last seq: 14282493000)
[2025-10-13 06:08:21] ✅ STG firehose healthy (last seq: 14282493000)
[2025-10-13 06:08:22] ✅ All services healthy
[2025-10-13 06:13:21] === Starting Firehose Health Check ===
[2025-10-13 06:13:21] ✅ DEV firehose healthy (last seq: 14282566000)
[2025-10-13 06:13:22] ✅ STG firehose healthy (last seq: 14282566000)
[2025-10-13 06:13:22] ✅ All services healthy
[2025-10-13 06:18:21] === Starting Firehose Health Check ===
[2025-10-13 06:18:22] ✅ DEV firehose healthy (last seq: 14282639000)
[2025-10-13 06:18:22] ✅ STG firehose healthy (last seq: 14282639000)
[2025-10-13 06:18:22] ✅ All services healthy
[2025-10-13 06:23:22] === Starting Firehose Health Check ===
[2025-10-13 06:23:22] ✅ DEV firehose healthy (last seq: 14282711000)
[2025-10-13 06:23:22] ✅ STG firehose healthy (last seq: 14282711000)
[2025-10-13 06:23:22] ✅ All services healthy
[2025-10-13 06:28:22] === Starting Firehose Health Check ===
[2025-10-13 06:28:22] ✅ DEV firehose healthy (last seq: 14282784000)
[2025-10-13 06:28:22] ✅ STG firehose healthy (last seq: 14282784000)
[2025-10-13 06:28:22] ✅ All services healthy
[2025-10-13 06:33:22] === Starting Firehose Health Check ===
[2025-10-13 06:33:22] ✅ DEV firehose healthy (last seq: 14282856000)
[2025-10-13 06:33:22] ✅ STG firehose healthy (last seq: 14282856000)
[2025-10-13 06:33:22] ✅ All services healthy
[2025-10-13 06:38:22] === Starting Firehose Health Check ===
[2025-10-13 06:38:22] ✅ DEV firehose healthy (last seq: 14282927000)
[2025-10-13 06:38:22] ✅ STG firehose healthy (last seq: 14282927000)
[2025-10-13 06:38:22] ✅ All services healthy
[2025-10-13 06:43:22] === Starting Firehose Health Check ===
[2025-10-13 06:43:22] ✅ DEV firehose healthy (last seq: 14282996000)
[2025-10-13 06:43:22] ✅ STG firehose healthy (last seq: 14282996000)
[2025-10-13 06:43:22] ✅ All services healthy
[2025-10-13 06:48:22] === Starting Firehose Health Check ===
[2025-10-13 06:48:22] ✅ DEV firehose healthy (last seq: 14283066000)
[2025-10-13 06:48:22] ✅ STG firehose healthy (last seq: 14283066000)
[2025-10-13 06:48:22] ✅ All services healthy
[2025-10-13 06:53:22] === Starting Firehose Health Check ===
[2025-10-13 06:53:22] ✅ DEV firehose healthy (last seq: 14283135000)
[2025-10-13 06:53:22] ✅ STG firehose healthy (last seq: 14283135000)
[2025-10-13 06:53:22] ✅ All services healthy
[2025-10-13 06:58:22] === Starting Firehose Health Check ===
[2025-10-13 06:58:22] ✅ DEV firehose healthy (last seq: 14283205000)
[2025-10-13 06:58:22] ✅ STG firehose healthy (last seq: 14283205000)
[2025-10-13 06:58:22] ✅ All services healthy
[2025-10-13 07:03:22] === Starting Firehose Health Check ===
[2025-10-13 07:03:22] ✅ DEV firehose healthy (last seq: 14283273000)
[2025-10-13 07:03:22] ✅ STG firehose healthy (last seq: 14283273000)
[2025-10-13 07:03:22] ✅ All services healthy
[2025-10-13 07:08:22] === Starting Firehose Health Check ===
[2025-10-13 07:08:22] ✅ DEV firehose healthy (last seq: 14283339000)
[2025-10-13 07:08:22] ✅ STG firehose healthy (last seq: 14283339000)
[2025-10-13 07:08:22] ✅ All services healthy
[2025-10-13 07:13:22] === Starting Firehose Health Check ===
[2025-10-13 07:13:22] ✅ DEV firehose healthy (last seq: 14283406000)
[2025-10-13 07:13:22] ✅ STG firehose healthy (last seq: 14283406000)
[2025-10-13 07:13:22] ✅ All services healthy
[2025-10-13 07:18:22] === Starting Firehose Health Check ===
[2025-10-13 07:18:22] ✅ DEV firehose healthy (last seq: 14283472000)
[2025-10-13 07:18:22] ✅ STG firehose healthy (last seq: 14283472000)
[2025-10-13 07:18:22] ✅ All services healthy
[2025-10-13 07:23:22] === Starting Firehose Health Check ===
[2025-10-13 07:23:22] ✅ DEV firehose healthy (last seq: 14283539000)
[2025-10-13 07:23:22] ✅ STG firehose healthy (last seq: 14283539000)
[2025-10-13 07:23:22] ✅ All services healthy
[2025-10-13 07:28:22] === Starting Firehose Health Check ===
[2025-10-13 07:28:22] ✅ DEV firehose healthy (last seq: 14283607000)
[2025-10-13 07:28:22] ✅ STG firehose healthy (last seq: 14283607000)
[2025-10-13 07:28:22] ✅ All services healthy
[2025-10-13 07:33:22] === Starting Firehose Health Check ===
[2025-10-13 07:33:22] ✅ DEV firehose healthy (last seq: 14283674000)
[2025-10-13 07:33:22] ✅ STG firehose healthy (last seq: 14283674000)
[2025-10-13 07:33:22] ✅ All services healthy
[2025-10-13 07:38:22] === Starting Firehose Health Check ===
[2025-10-13 07:38:22] ✅ DEV firehose healthy (last seq: 14283740000)
[2025-10-13 07:38:22] ✅ STG firehose healthy (last seq: 14283740000)
[2025-10-13 07:38:22] ✅ All services healthy
[2025-10-13 07:43:22] === Starting Firehose Health Check ===
[2025-10-13 07:43:22] ✅ DEV firehose healthy (last seq: 14283801000)
[2025-10-13 07:43:22] ✅ STG firehose healthy (last seq: 14283801000)
[2025-10-13 07:43:22] ✅ All services healthy
[2025-10-13 07:48:22] === Starting Firehose Health Check ===
[2025-10-13 07:48:22] ✅ DEV firehose healthy (last seq: 14283859000)
[2025-10-13 07:48:22] ✅ STG firehose healthy (last seq: 14283859000)
[2025-10-13 07:48:22] ✅ All services healthy
[2025-10-13 07:53:22] === Starting Firehose Health Check ===
[2025-10-13 07:53:22] ✅ DEV firehose healthy (last seq: 14283922000)
[2025-10-13 07:53:22] ✅ STG firehose healthy (last seq: 14283922000)
[2025-10-13 07:53:22] ✅ All services healthy
[2025-10-13 07:58:22] === Starting Firehose Health Check ===
[2025-10-13 07:58:22] ✅ DEV firehose healthy (last seq: 14283986000)
[2025-10-13 07:58:22] ✅ STG firehose healthy (last seq: 14283986000)
[2025-10-13 07:58:22] ✅ All services healthy
[2025-10-13 08:03:22] === Starting Firehose Health Check ===
[2025-10-13 08:03:22] ✅ DEV firehose healthy (last seq: 14284050000)
[2025-10-13 08:03:22] ✅ STG firehose healthy (last seq: 14284050000)
[2025-10-13 08:03:22] ✅ All services healthy
[2025-10-13 08:08:22] === Starting Firehose Health Check ===
[2025-10-13 08:08:22] ✅ DEV firehose healthy (last seq: 14284111000)
[2025-10-13 08:08:22] ✅ STG firehose healthy (last seq: 14284111000)
[2025-10-13 08:08:22] ✅ All services healthy
[2025-10-13 08:13:22] === Starting Firehose Health Check ===
[2025-10-13 08:13:22] ✅ DEV firehose healthy (last seq: 14284173000)
[2025-10-13 08:13:22] ✅ STG firehose healthy (last seq: 14284173000)
[2025-10-13 08:13:22] ✅ All services healthy
[2025-10-13 08:18:22] === Starting Firehose Health Check ===
[2025-10-13 08:18:22] ✅ DEV firehose healthy (last seq: 14284234000)
[2025-10-13 08:18:22] ✅ STG firehose healthy (last seq: 14284234000)
[2025-10-13 08:18:22] ✅ All services healthy
[2025-10-13 08:23:22] === Starting Firehose Health Check ===
[2025-10-13 08:23:22] ✅ DEV firehose healthy (last seq: 14284295000)
[2025-10-13 08:23:22] ✅ STG firehose healthy (last seq: 14284295000)
[2025-10-13 08:23:22] ✅ All services healthy
[2025-10-13 08:28:22] === Starting Firehose Health Check ===
[2025-10-13 08:28:22] ✅ DEV firehose healthy (last seq: 14284358000)
[2025-10-13 08:28:22] ✅ STG firehose healthy (last seq: 14284358000)
[2025-10-13 08:28:22] ✅ All services healthy
[2025-10-13 08:33:22] === Starting Firehose Health Check ===
[2025-10-13 08:33:22] ✅ DEV firehose healthy (last seq: 14284423000)
[2025-10-13 08:33:22] ✅ STG firehose healthy (last seq: 14284423000)
[2025-10-13 08:33:22] ✅ All services healthy
[2025-10-13 08:38:22] === Starting Firehose Health Check ===
[2025-10-13 08:38:22] ✅ DEV firehose healthy (last seq: 14284486000)
[2025-10-13 08:38:22] ✅ STG firehose healthy (last seq: 14284486000)
[2025-10-13 08:38:22] ✅ All services healthy
[2025-10-13 08:43:22] === Starting Firehose Health Check ===
[2025-10-13 08:43:22] ✅ DEV firehose healthy (last seq: 14284550000)
[2025-10-13 08:43:22] ✅ STG firehose healthy (last seq: 14284550000)
[2025-10-13 08:43:23] ✅ All services healthy
[2025-10-13 08:48:22] === Starting Firehose Health Check ===
[2025-10-13 08:48:22] ✅ DEV firehose healthy (last seq: 14284615000)
[2025-10-13 08:48:23] ✅ STG firehose healthy (last seq: 14284615000)
[2025-10-13 08:48:23] ✅ All services healthy
[2025-10-13 08:53:22] === Starting Firehose Health Check ===
[2025-10-13 08:53:22] ✅ DEV firehose healthy (last seq: 14284678000)
[2025-10-13 08:53:23] ✅ STG firehose healthy (last seq: 14284678000)
[2025-10-13 08:53:23] ✅ All services healthy
[2025-10-13 08:58:22] === Starting Firehose Health Check ===
[2025-10-13 08:58:23] ✅ DEV firehose healthy (last seq: 14284740000)
[2025-10-13 08:58:23] ✅ STG firehose healthy (last seq: 14284740000)
[2025-10-13 08:58:23] ✅ All services healthy
[2025-10-13 09:03:23] === Starting Firehose Health Check ===
[2025-10-13 09:03:23] ✅ DEV firehose healthy (last seq: 14284805000)
[2025-10-13 09:03:23] ✅ STG firehose healthy (last seq: 14284805000)
[2025-10-13 09:03:23] ✅ All services healthy
[2025-10-13 09:08:23] === Starting Firehose Health Check ===
[2025-10-13 09:08:23] ✅ DEV firehose healthy (last seq: 14284866000)
[2025-10-13 09:08:23] ✅ STG firehose healthy (last seq: 14284866000)
[2025-10-13 09:08:23] ✅ All services healthy
[2025-10-13 09:13:23] === Starting Firehose Health Check ===
[2025-10-13 09:13:23] ✅ DEV firehose healthy (last seq: 14284928000)
[2025-10-13 09:13:23] ✅ STG firehose healthy (last seq: 14284928000)
[2025-10-13 09:13:23] ✅ All services healthy
[2025-10-13 09:18:23] === Starting Firehose Health Check ===
[2025-10-13 09:18:23] ✅ DEV firehose healthy (last seq: 14284991000)
[2025-10-13 09:18:23] ✅ STG firehose healthy (last seq: 14284991000)
[2025-10-13 09:18:23] ✅ All services healthy
[2025-10-13 09:23:23] === Starting Firehose Health Check ===
[2025-10-13 09:23:23] ✅ DEV firehose healthy (last seq: 14285053000)
[2025-10-13 09:23:23] ✅ STG firehose healthy (last seq: 14285053000)
[2025-10-13 09:23:23] ✅ All services healthy
[2025-10-13 09:28:23] === Starting Firehose Health Check ===
[2025-10-13 09:28:23] ✅ DEV firehose healthy (last seq: 14285117000)
[2025-10-13 09:28:23] ✅ STG firehose healthy (last seq: 14285117000)
[2025-10-13 09:28:23] ✅ All services healthy
[2025-10-13 09:33:23] === Starting Firehose Health Check ===
[2025-10-13 09:33:23] ✅ DEV firehose healthy (last seq: 14285182000)
[2025-10-13 09:33:23] ✅ STG firehose healthy (last seq: 14285182000)
[2025-10-13 09:33:23] ✅ All services healthy
[2025-10-13 09:38:23] === Starting Firehose Health Check ===
[2025-10-13 09:38:23] ✅ DEV firehose healthy (last seq: 14285247000)
[2025-10-13 09:38:23] ✅ STG firehose healthy (last seq: 14285247000)
[2025-10-13 09:38:23] ✅ All services healthy
[2025-10-13 09:43:23] === Starting Firehose Health Check ===
[2025-10-13 09:43:23] ✅ DEV firehose healthy (last seq: 14285312000)
[2025-10-13 09:43:23] ✅ STG firehose healthy (last seq: 14285312000)
[2025-10-13 09:43:23] ✅ All services healthy
[2025-10-13 09:48:23] === Starting Firehose Health Check ===
[2025-10-13 09:48:23] ✅ DEV firehose healthy (last seq: 14285377000)
[2025-10-13 09:48:23] ✅ STG firehose healthy (last seq: 14285377000)
[2025-10-13 09:48:23] ✅ All services healthy
[2025-10-13 09:53:23] === Starting Firehose Health Check ===
[2025-10-13 09:53:23] ✅ DEV firehose healthy (last seq: 14285443000)
[2025-10-13 09:53:23] ✅ STG firehose healthy (last seq: 14285443000)
[2025-10-13 09:53:23] ✅ All services healthy
[2025-10-13 09:58:23] === Starting Firehose Health Check ===
[2025-10-13 09:58:23] ✅ DEV firehose healthy (last seq: 14285510000)
[2025-10-13 09:58:23] ✅ STG firehose healthy (last seq: 14285510000)
[2025-10-13 09:58:23] ✅ All services healthy
[2025-10-13 10:03:23] === Starting Firehose Health Check ===
[2025-10-13 10:03:23] ✅ DEV firehose healthy (last seq: 14285579000)
[2025-10-13 10:03:23] ✅ STG firehose healthy (last seq: 14285579000)
[2025-10-13 10:03:23] ✅ All services healthy
[2025-10-13 10:08:23] === Starting Firehose Health Check ===
[2025-10-13 10:08:23] ✅ DEV firehose healthy (last seq: 14285648000)
[2025-10-13 10:08:23] ✅ STG firehose healthy (last seq: 14285648000)
[2025-10-13 10:08:23] ✅ All services healthy
[2025-10-13 10:13:23] === Starting Firehose Health Check ===
[2025-10-13 10:13:23] ✅ DEV firehose healthy (last seq: 14285719000)
[2025-10-13 10:13:23] ✅ STG firehose healthy (last seq: 14285719000)
[2025-10-13 10:13:23] ✅ All services healthy
[2025-10-13 10:18:23] === Starting Firehose Health Check ===
[2025-10-13 10:18:23] ✅ DEV firehose healthy (last seq: 14285792000)
[2025-10-13 10:18:23] ✅ STG firehose healthy (last seq: 14285792000)
[2025-10-13 10:18:23] ✅ All services healthy
[2025-10-13 10:23:23] === Starting Firehose Health Check ===
[2025-10-13 10:23:23] ✅ DEV firehose healthy (last seq: 14285864000)
[2025-10-13 10:23:23] ✅ STG firehose healthy (last seq: 14285864000)
[2025-10-13 10:23:23] ✅ All services healthy
[2025-10-13 10:28:23] === Starting Firehose Health Check ===
[2025-10-13 10:28:23] ✅ DEV firehose healthy (last seq: 14285937000)
[2025-10-13 10:28:23] ✅ STG firehose healthy (last seq: 14285937000)
[2025-10-13 10:28:23] ✅ All services healthy
[2025-10-13 10:33:23] === Starting Firehose Health Check ===
[2025-10-13 10:33:23] ✅ DEV firehose healthy (last seq: 14286010000)
[2025-10-13 10:33:23] ✅ STG firehose healthy (last seq: 14286010000)
[2025-10-13 10:33:23] ✅ All services healthy
[2025-10-13 10:38:23] === Starting Firehose Health Check ===
[2025-10-13 10:38:23] ✅ DEV firehose healthy (last seq: 14286083000)
[2025-10-13 10:38:23] ✅ STG firehose healthy (last seq: 14286083000)
[2025-10-13 10:38:23] ✅ All services healthy
[2025-10-13 10:43:23] === Starting Firehose Health Check ===
[2025-10-13 10:43:23] ✅ DEV firehose healthy (last seq: 14286160000)
[2025-10-13 10:43:23] ✅ STG firehose healthy (last seq: 14286160000)
[2025-10-13 10:43:23] ✅ All services healthy
[2025-10-13 10:48:23] === Starting Firehose Health Check ===
[2025-10-13 10:48:23] ✅ DEV firehose healthy (last seq: 14286238000)
[2025-10-13 10:48:23] ✅ STG firehose healthy (last seq: 14286238000)
[2025-10-13 10:48:23] ✅ All services healthy
[2025-10-13 10:53:23] === Starting Firehose Health Check ===
[2025-10-13 10:53:23] ✅ DEV firehose healthy (last seq: 14286316000)
[2025-10-13 10:53:23] ✅ STG firehose healthy (last seq: 14286316000)
[2025-10-13 10:53:23] ✅ All services healthy
[2025-10-13 10:58:23] === Starting Firehose Health Check ===
[2025-10-13 10:58:23] ✅ DEV firehose healthy (last seq: 14286397000)
[2025-10-13 10:58:23] ✅ STG firehose healthy (last seq: 14286397000)
[2025-10-13 10:58:23] ✅ All services healthy
[2025-10-13 11:03:23] === Starting Firehose Health Check ===
[2025-10-13 11:03:23] ✅ DEV firehose healthy (last seq: 14286482000)
[2025-10-13 11:03:23] ✅ STG firehose healthy (last seq: 14286482000)
[2025-10-13 11:03:23] ✅ All services healthy
[2025-10-13 11:08:23] === Starting Firehose Health Check ===
[2025-10-13 11:08:23] ✅ DEV firehose healthy (last seq: 14286565000)
[2025-10-13 11:08:23] ✅ STG firehose healthy (last seq: 14286565000)
[2025-10-13 11:08:23] ✅ All services healthy
[2025-10-13 11:13:23] === Starting Firehose Health Check ===
[2025-10-13 11:13:23] ✅ DEV firehose healthy (last seq: 14286650000)
[2025-10-13 11:13:23] ✅ STG firehose healthy (last seq: 14286650000)
[2025-10-13 11:13:23] ✅ All services healthy
[2025-10-13 11:18:23] === Starting Firehose Health Check ===
[2025-10-13 11:18:23] ✅ DEV firehose healthy (last seq: 14286735000)
[2025-10-13 11:18:23] ✅ STG firehose healthy (last seq: 14286735000)
[2025-10-13 11:18:23] ✅ All services healthy
[2025-10-13 11:23:23] === Starting Firehose Health Check ===
[2025-10-13 11:23:23] ✅ DEV firehose healthy (last seq: 14286820000)
[2025-10-13 11:23:24] ✅ STG firehose healthy (last seq: 14286820000)
[2025-10-13 11:23:24] ✅ All services healthy
[2025-10-13 11:28:23] === Starting Firehose Health Check ===
[2025-10-13 11:28:23] ✅ DEV firehose healthy (last seq: 14286905000)
[2025-10-13 11:28:24] ✅ STG firehose healthy (last seq: 14286905000)
[2025-10-13 11:28:24] ✅ All services healthy
[2025-10-13 11:33:23] === Starting Firehose Health Check ===
[2025-10-13 11:33:23] ✅ DEV firehose healthy (last seq: 14286994000)
[2025-10-13 11:33:24] ✅ STG firehose healthy (last seq: 14286994000)
[2025-10-13 11:33:24] ✅ All services healthy
[2025-10-13 11:38:23] === Starting Firehose Health Check ===
[2025-10-13 11:38:24] ✅ DEV firehose healthy (last seq: 14287084000)
[2025-10-13 11:38:24] ✅ STG firehose healthy (last seq: 14287084000)
[2025-10-13 11:38:24] ✅ All services healthy
[2025-10-13 11:43:24] === Starting Firehose Health Check ===
[2025-10-13 11:43:24] ✅ DEV firehose healthy (last seq: 14287176000)
[2025-10-13 11:43:24] ✅ STG firehose healthy (last seq: 14287176000)
[2025-10-13 11:43:24] ✅ All services healthy
[2025-10-13 11:48:24] === Starting Firehose Health Check ===
[2025-10-13 11:48:24] ✅ DEV firehose healthy (last seq: 14287271000)
[2025-10-13 11:48:24] ✅ STG firehose healthy (last seq: 14287271000)
[2025-10-13 11:48:24] ✅ All services healthy
